Rk,Player,Age,Team,Pos,G,GS,MP,FG,FGA,FG%,3P,3PA,3P%,2P,2PA,2P%,eFG%,FT,FTA,FT%,ORB,DRB,TRB,AST,STL,BLK,TOV,PF,PTS,Awards,Player-additional
1,Luka Dončić,26,LAL,PG,64,64,35.8,10.8,22.8,.476,4.0,10.8,.366,6.9,11.9,.575,.563,7.9,10.1,.780,0.6,7.1,7.7,8.3,1.6,0.5,4.0,2.4,33.5,AS,doncilu01
2,Shai Gilgeous-Alexander,27,OKC,PG,68,68,33.2,10.8,19.4,.553,1.7,4.4,.386,9.1,15.0,.602,.597,7.9,9.0,.879,0.6,3.7,4.3,6.6,1.4,0.8,2.2,2.0,31.1,AS,gilgesh01
3,Anthony Edwards,24,MIN,SG,61,60,35.0,9.9,20.2,.489,3.4,8.4,.399,6.5,11.8,.554,.572,5.7,7.2,.796,0.6,4.4,5.0,3.7,1.4,0.8,2.9,1.9,28.8,AS,edwaran01
4,Jaylen Brown,29,BOS,SF,71,71,34.4,10.4,21.7,.477,2.0,5.7,.347,8.4,16.0,.523,.522,6.0,7.5,.795,1.1,5.8,6.9,5.1,1.0,0.4,3.6,2.7,28.7,AS,brownja02
5,Tyrese Maxey,25,PHI,PG,69,69,38.2,9.9,21.6,.461,3.2,8.6,.367,6.8,13.0,.523,.534,5.3,6.0,.891,0.3,3.8,4.2,6.7,1.9,0.8,2.4,2.2,28.4,AS,maxeyty01
6,Kawhi Leonard,34,LAC,SF,65,65,32.1,9.8,19.4,.505,2.6,6.8,.387,7.1,12.5,.569,.573,5.7,6.4,.892,1.1,5.3,6.4,3.6,1.9,0.4,2.0,1.2,27.9,AS,leonaka01
7,Donovan Mitchell,29,CLE,SG,70,70,33.5,9.7,20.0,.483,3.2,8.8,.364,6.5,11.2,.577,.563,5.3,6.1,.865,0.7,3.8,4.5,5.7,1.5,0.3,2.8,2.3,27.9,AS,mitchdo01
8,Nikola Jokić,30,DEN,C,64,64,35.1,10.0,17.5,.569,1.7,4.6,.379,8.2,12.9,.636,.618,6.1,7.4,.828,2.9,10.0,12.9,10.9,1.4,0.8,3.8,2.7,27.8,AS,jokicni01
9,Giannis Antetokounmpo,31,MIL,PF,36,36,28.9,10.4,16.6,.624,0.4,1.3,.333,9.9,15.4,.647,.636,6.4,9.9,.650,2.7,7.1,9.8,5.4,0.9,0.7,3.2,2.4,27.6,AS,antetgi01
10,Joel Embiid,31,PHI,C,38,38,31.6,9.0,18.3,.489,1.4,4.2,.333,7.6,14.2,.535,.527,7.5,8.8,.854,2.0,5.7,7.7,3.9,0.6,1.2,2.9,2.2,26.9,,embiijo01
11,Lauri Markkanen,28,UTA,PF,42,42,34.4,9.1,19.2,.477,2.7,7.7,.355,6.4,11.5,.559,.548,5.7,6.4,.896,2.0,4.9,6.9,2.1,1.0,0.5,1.5,1.8,26.7,,markkla01
12,Stephen Curry,37,GSW,PG,42,40,31.0,8.7,18.7,.468,4.4,11.3,.392,4.3,7.4,.584,.586,4.7,5.1,.930,0.4,3.1,3.5,4.8,1.1,0.4,2.8,1.8,26.6,AS,curryst01
13,Devin Booker,29,PHO,SG,64,64,33.5,8.5,18.7,.456,1.9,5.8,.330,6.6,12.9,.512,.507,7.1,8.1,.873,0.8,3.1,3.9,6.0,0.8,0.3,3.1,2.6,26.1,AS,bookede01
14,Jalen Brunson,29,NYK,PG,74,74,35.0,9.3,19.9,.467,2.6,7.1,.369,6.7,12.8,.522,.533,4.8,5.7,.841,0.4,2.9,3.3,6.8,0.8,0.1,2.4,2.3,26.0,AS,brunsja01
15,Kevin Durant,37,HOU,SF,78,78,36.4,9.2,17.6,.520,2.4,5.8,.413,6.8,11.9,.572,.588,5.2,6.0,.874,0.5,4.9,5.5,4.8,0.8,0.9,3.2,1.8,26.0,AS,duranke01
16,Jamal Murray,28,DEN,PG,75,75,35.4,8.8,18.1,.483,3.3,7.5,.435,5.5,10.6,.517,.573,4.6,5.2,.887,0.4,4.0,4.4,7.1,0.9,0.4,2.3,1.7,25.4,AS,murraja01
17,Victor Wembanyama,22,SAS,C,64,55,29.2,8.6,16.9,.512,1.9,5.5,.349,6.7,11.4,.590,.569,5.8,7.0,.827,2.0,9.5,11.5,3.1,1.0,3.1,2.4,2.4,25.0,AS,wembavi01
18,Deni Avdija,25,POR,SF,65,65,33.3,7.4,16.1,.462,1.8,5.9,.313,5.6,10.2,.549,.520,7.5,9.3,.802,1.1,5.8,6.9,6.6,0.8,0.6,3.8,2.6,24.2,AS,avdijde01
19,Cade Cunningham,24,DET,PG,63,63,34.1,8.7,18.7,.463,2.0,5.7,.344,6.7,13.0,.515,.516,4.9,6.1,.812,0.9,4.6,5.5,9.8,1.5,0.9,3.7,3.1,24.2,AS,cunnica01
20,Michael Porter Jr.,27,BRK,SF,52,52,32.5,8.5,18.4,.463,3.4,9.3,.363,5.2,9.1,.567,.555,3.8,4.4,.859,1.3,5.7,7.1,3.0,1.1,0.3,2.3,2.2,24.2,,portemi01
21,Pascal Siakam,31,IND,PF,62,62,33.2,9.0,18.6,.484,1.7,4.7,.358,7.3,13.9,.527,.529,4.2,6.1,.693,1.4,5.2,6.6,3.8,1.1,0.4,2.2,2.4,24.0,AS,siakapa01
22,James Harden,36,2TM,PG,70,70,34.8,7.0,16.0,.434,3.1,8.2,.375,3.9,7.9,.495,.529,6.6,7.5,.884,0.6,4.2,4.8,8.0,1.1,0.4,3.5,2.0,23.6,,hardeja01
22,James Harden,36,LAC,PG,44,44,35.4,7.3,17.5,.419,3.1,8.8,.347,4.3,8.7,.492,.506,7.7,8.5,.901,0.6,4.2,4.8,8.1,1.3,0.4,3.7,1.9,25.4,,hardeja01
22,James Harden,36,CLE,PG,26,26,33.8,6.3,13.5,.466,3.1,7.1,.435,3.2,6.5,.500,.580,4.8,5.8,.840,0.5,4.3,4.8,7.7,0.8,0.5,3.2,2.1,20.5,,hardeja01
23,Keyonte George,22,UTA,PG,54,54,33.1,7.4,16.3,.456,2.5,6.7,.371,5.0,9.6,.515,.532,6.2,7.0,.892,0.4,3.3,3.7,6.1,1.1,0.3,3.1,2.2,23.6,,georgke01
24,Austin Reaves,27,LAL,SG,51,45,34.5,7.3,14.9,.490,2.3,6.4,.360,5.0,8.5,.588,.567,6.3,7.3,.871,0.6,4.1,4.7,5.5,1.1,0.4,3.0,2.2,23.3,,reaveau01
25,Jalen Johnson,24,ATL,SF,72,72,35.2,8.3,17.1,.489,1.7,4.7,.352,6.7,12.3,.541,.537,4.2,5.3,.788,1.4,8.9,10.3,7.9,1.2,0.4,3.4,2.1,22.5,AS,johnsja05
26,Paolo Banchero,23,ORL,PF,71,71,34.7,7.4,15.9,.462,1.2,3.8,.311,6.2,12.1,.509,.499,6.3,8.2,.774,1.1,7.2,8.4,5.1,0.7,0.6,3.0,2.0,22.2,,banchpa01
27,Jayson Tatum,27,BOS,PF,16,16,32.6,7.4,17.9,.411,2.9,8.9,.329,4.4,9.0,.493,.493,4.1,4.9,.823,0.5,9.5,10.0,5.3,1.4,0.2,2.4,1.6,21.8,,tatumja01
28,Norman Powell,32,MIA,SG,57,52,29.7,7.2,15.4,.470,2.7,7.1,.380,4.6,8.3,.547,.558,4.5,5.5,.824,0.4,3.2,3.5,2.5,1.1,0.2,1.9,2.2,21.7,AS,powelno01
29,Trey Murphy III,25,NOP,SF,66,66,35.5,7.5,15.9,.470,3.2,8.6,.379,4.2,7.3,.577,.572,3.3,3.7,.886,1.0,4.8,5.7,3.8,1.5,0.4,1.8,2.1,21.5,,murphtr02
30,Brandon Ingram,28,TOR,SF,76,76,33.8,8.0,16.8,.475,1.7,4.6,.379,6.3,12.2,.511,.527,3.7,4.6,.816,0.8,4.7,5.5,3.7,0.8,0.7,2.4,1.9,21.4,AS,ingrabr01
31,Cooper Flagg,19,DAL,SF,69,69,33.8,8.0,17.2,.468,1.0,3.5,.296,7.0,13.7,.512,.498,4.1,4.9,.826,1.2,5.5,6.7,4.6,1.2,0.9,2.3,2.0,21.2,,flaggco01
32,Julius Randle,31,MIN,PF,79,79,33.0,7.3,15.3,.481,1.4,4.4,.315,6.0,10.9,.547,.526,5.0,6.3,.802,1.7,5.1,6.7,5.0,1.1,0.2,2.7,2.8,21.1,,randlju01
33,Shaedon Sharpe,22,POR,SG,49,42,29.7,7.9,17.5,.454,2.1,6.2,.341,5.8,11.3,.515,.514,3.1,4.0,.784,1.0,3.4,4.4,2.6,1.4,0.1,3.0,2.0,21.1,,sharpsh01
34,Tyler Herro,26,MIA,SG,32,27,31.6,7.7,15.8,.484,2.6,6.8,.384,5.1,9.1,.559,.566,3.1,3.4,.917,0.4,4.2,4.6,4.0,0.7,0.4,1.9,1.9,21.0,,herroty01
35,LeBron James,41,LAL,SF,59,59,33.4,7.9,15.3,.517,1.3,4.1,.321,6.6,11.3,.587,.559,3.8,5.2,.735,0.7,5.4,6.1,7.2,1.2,0.6,3.0,1.4,21.0,AS,jamesle01
36,Zion Williamson,25,NOP,PF,62,55,29.7,7.8,13.0,.600,0.0,0.1,.250,7.8,13.0,.601,.600,5.4,7.5,.716,2.0,3.7,5.7,3.2,1.0,0.5,2.0,2.3,21.0,,willizi01
37,Nickeil Alexander-Walker,27,ATL,SG,78,71,33.4,7.0,15.3,.459,3.2,8.1,.399,3.8,7.3,.525,.564,3.6,3.9,.902,0.7,2.8,3.4,3.7,1.3,0.5,2.1,2.2,20.8,,alexani01
38,Franz Wagner,24,ORL,SF,33,31,30.1,7.2,14.8,.485,1.4,4.0,.348,5.8,10.8,.535,.532,4.8,5.9,.820,1.3,4.0,5.2,3.4,0.9,0.3,1.7,2.1,20.6,,wagnefr01
39,Anthony Davis,32,DAL,PF,20,20,31.3,8.5,16.7,.506,0.5,1.9,.270,8.0,14.9,.535,.521,3.0,4.1,.728,3.1,8.0,11.1,2.8,1.1,1.7,2.1,2.1,20.4,,davisan02
40,Alperen Şengün,23,HOU,C,72,72,33.3,8.1,15.6,.519,0.6,1.8,.305,7.5,13.8,.547,.537,3.6,5.2,.691,3.0,5.9,8.9,6.2,1.2,1.1,3.2,3.3,20.4,AS,sengual01
41,Desmond Bane,27,ORL,SG,81,81,33.8,7.2,14.8,.485,2.0,5.2,.392,5.1,9.6,.535,.554,3.9,4.2,.910,1.2,3.0,4.1,4.2,1.0,0.4,2.0,3.1,20.2,,banede01
42,Dillon Brooks,30,PHO,SF,56,56,30.4,7.4,17.1,.435,2.3,6.6,.344,5.2,10.5,.492,.501,3.0,3.6,.842,0.8,2.9,3.6,1.8,1.0,0.2,1.8,3.3,20.2,,brookdi01
43,Brandon Miller,23,CHO,SF,64,64,30.3,7.0,16.1,.435,3.1,8.2,.383,3.9,7.9,.489,.532,3.0,3.4,.894,1.1,3.9,4.9,3.4,1.0,0.7,2.5,2.8,20.2,,millebr02
44,LaMelo Ball,24,CHO,PG,71,68,28.0,7.0,17.3,.407,3.8,10.2,.369,3.3,7.1,.463,.516,2.3,2.5,.899,0.9,3.9,4.8,7.2,1.2,0.2,2.8,2.7,20.1,,ballla01
45,Karl-Anthony Towns,30,NYK,C,75,75,31.0,6.9,13.8,.501,1.5,4.1,.368,5.4,9.7,.557,.556,4.8,5.5,.858,3.1,8.7,11.9,3.0,0.9,0.5,2.5,3.4,20.1,AS,townska01
46,Bam Adebayo,28,MIA,C,72,72,32.4,6.9,15.7,.439,1.8,5.5,.318,5.1,10.2,.505,.495,4.5,5.8,.780,2.0,8.0,10.0,3.2,1.2,0.7,1.7,1.7,20.0,,adebaba01
47,Jimmy Butler,36,GSW,SF,38,38,31.1,6.3,12.2,.519,0.8,2.2,.376,5.5,9.9,.552,.554,6.5,7.6,.864,2.3,3.2,5.6,4.9,1.4,0.2,1.6,1.2,20.0,,butleji01
48,Ty Jerome,28,MEM,SG,15,15,22.6,6.8,14.3,.474,2.8,6.7,.420,4.0,7.7,.522,.572,3.3,3.7,.875,0.7,2.1,2.8,5.7,1.1,0.3,1.8,2.1,19.7,,jeromty01
49,Jalen Duren,22,DET,C,70,70,28.2,7.5,11.5,.650,0.0,0.0,,7.5,11.5,.650,.650,4.6,6.1,.747,3.8,6.7,10.5,2.0,0.8,0.8,1.9,2.8,19.5,AS,durenja01
50,Ja Morant,26,MEM,PG,20,20,28.5,6.6,16.1,.410,1.0,4.3,.235,5.6,11.9,.473,.441,5.3,5.9,.897,0.4,2.9,3.3,8.1,1.0,0.3,3.6,2.0,19.5,,moranja01
51,Jaren Jackson Jr.,26,2TM,C,48,48,30.3,7.1,15.0,.476,1.8,4.9,.357,5.4,10.1,.533,.534,3.4,4.2,.803,0.9,4.8,5.7,2.0,1.1,1.4,2.2,3.7,19.4,,jacksja02
51,Jaren Jackson Jr.,26,MEM,C,45,45,30.7,7.1,14.9,.475,1.8,4.9,.359,5.3,10.0,.531,.534,3.3,4.2,.797,0.9,4.8,5.8,1.9,1.0,1.5,2.2,3.8,19.2,,jacksja02
51,Jaren Jackson Jr.,26,UTA,C,3,3,24.0,8.0,16.3,.490,1.7,5.0,.333,6.3,11.3,.559,.541,4.7,5.3,.875,0.3,4.0,4.3,2.7,2.0,0.3,2.3,3.0,22.3,,jacksja02
52,Zach LaVine,30,SAC,SG,39,37,31.4,6.7,14.0,.479,2.5,6.5,.390,4.2,7.5,.556,.569,3.2,3.6,.880,0.2,2.6,2.8,2.3,0.7,0.3,1.9,2.1,19.2,,lavinza01
53,RJ Barrett,25,TOR,SF,56,56,30.3,7.0,14.3,.489,1.7,5.0,.338,5.3,9.3,.570,.548,3.5,4.8,.719,1.0,4.3,5.3,3.3,0.8,0.3,1.8,2.5,19.1,,barrerj01
54,Darius Garland,26,2TM,PG,44,42,30.0,6.9,14.9,.463,2.8,6.9,.399,4.1,8.0,.517,.555,2.3,2.7,.858,0.4,2.0,2.4,6.7,1.0,0.2,2.9,1.9,18.9,,garlada01
54,Darius Garland,26,CLE,PG,26,26,30.5,6.5,14.5,.451,2.3,6.3,.360,4.3,8.2,.521,.529,2.6,3.0,.861,0.5,2.0,2.4,6.9,0.8,0.1,2.8,1.8,18.0,,garlada01
54,Darius Garland,26,LAC,PG,18,16,29.2,7.4,15.4,.478,3.4,7.7,.446,3.9,7.7,.511,.590,1.9,2.3,.854,0.3,2.1,2.4,6.4,1.2,0.3,3.1,1.9,20.2,,garlada01
55,CJ McCollum,34,2TM,PG,76,60,29.8,6.9,15.2,.455,2.5,6.7,.375,4.4,8.5,.519,.538,2.4,3.1,.772,0.8,2.5,3.3,3.9,0.8,0.5,1.8,1.9,18.7,,mccolcj01
55,CJ McCollum,34,WAS,SG,35,35,30.9,6.9,15.1,.454,2.7,7.0,.393,4.1,8.1,.505,.544,2.3,2.9,.804,0.7,2.9,3.5,3.6,0.7,0.3,1.7,2.1,18.8,,mccolcj01
55,CJ McCollum,34,ATL,PG,41,25,28.8,7.0,15.2,.456,2.3,6.5,.357,4.6,8.8,.529,.532,2.5,3.3,.748,1.0,2.2,3.1,4.1,1.0,0.6,1.9,1.7,18.7,,mccolcj01
56,Jerami Grant,31,POR,PF,57,38,29.7,5.8,12.8,.453,2.4,6.1,.389,3.4,6.7,.513,.547,4.6,5.6,.814,1.0,2.5,3.5,2.1,0.7,0.6,2.1,2.5,18.6,,grantje01
57,Kon Knueppel,20,CHO,SF,80,79,31.5,6.4,13.4,.477,3.4,7.9,.427,3.0,5.5,.548,.603,2.4,2.8,.862,1.2,4.1,5.3,3.4,0.7,0.2,2.0,2.1,18.6,,knuepko01
58,De'Aaron Fox,28,SAS,PG,71,71,31.0,7.1,14.5,.488,1.8,5.4,.333,5.3,9.1,.580,.550,2.6,3.4,.756,0.6,3.1,3.7,6.2,1.3,0.3,2.3,2.3,18.5,AS,foxde01
59,DeMar DeRozan,36,SAC,PF,77,77,31.2,6.5,13.1,.497,0.6,1.9,.320,5.9,11.1,.527,.520,4.9,5.6,.868,0.5,2.5,2.9,4.1,1.0,0.3,1.2,1.9,18.4,,derozde01
60,Amen Thompson,23,HOU,PG,79,79,37.4,7.1,13.2,.534,0.3,1.5,.216,6.7,11.7,.573,.545,3.8,4.9,.779,3.0,4.8,7.8,5.3,1.5,0.6,2.4,2.2,18.3,,thompam01
61,Evan Mobley,24,CLE,PF,65,63,31.9,7.2,13.2,.546,1.0,3.2,.297,6.3,10.0,.626,.582,2.8,4.6,.606,2.4,6.6,9.0,3.6,0.7,1.7,1.9,2.4,18.2,,mobleev01
62,Scottie Barnes,24,TOR,PF,79,79,33.5,7.1,14.1,.504,0.9,2.8,.304,6.2,11.2,.555,.535,3.0,3.7,.814,1.9,5.6,7.4,5.8,1.4,1.4,2.6,2.7,18.1,AS,barnesc01
63,Trae Young,27,2TM,PG,15,15,25.6,5.4,11.8,.458,1.8,5.3,.338,3.6,6.5,.557,.534,5.3,6.5,.825,0.3,1.7,2.0,8.0,0.9,0.1,2.6,2.2,17.9,,youngtr01
63,Trae Young,27,ATL,PG,10,10,28.0,5.6,13.5,.415,1.8,5.9,.305,3.8,7.6,.500,.481,6.3,7.3,.863,0.0,1.5,1.5,8.9,1.0,0.1,2.6,2.0,19.3,,youngtr01
63,Trae Young,27,WAS,PG,5,5,20.8,5.0,8.4,.595,1.8,4.2,.429,3.2,4.2,.762,.702,3.4,4.8,.708,0.8,2.2,3.0,6.2,0.6,0.2,2.6,2.6,15.2,,youngtr01
64,Jalen Green,23,PHO,SG,32,27,25.9,6.8,16.0,.422,2.2,7.1,.313,4.5,8.9,.509,.491,2.0,2.7,.747,0.5,3.1,3.6,2.8,1.1,0.3,2.3,1.3,17.8,,greenja05
65,Saddiq Bey,26,NOP,SF,72,64,31.2,6.1,13.4,.451,2.1,5.7,.367,4.0,7.7,.514,.529,3.4,4.1,.841,1.7,3.9,5.6,2.5,0.9,0.1,0.9,1.3,17.7,,beysa01
66,Bennedict Mathurin,23,2TM,SF,53,25,30.0,5.4,12.5,.430,1.4,4.4,.316,4.0,8.1,.492,.486,5.4,6.2,.873,1.0,4.4,5.4,2.3,0.8,0.2,2.2,2.5,17.5,,mathube01
66,Bennedict Mathurin,23,IND,SF,28,24,31.8,5.5,12.8,.433,2.1,5.6,.372,3.5,7.2,.480,.514,4.6,5.2,.884,0.8,4.6,5.4,2.3,0.6,0.1,2.3,2.7,17.8,,mathube01
66,Bennedict Mathurin,23,LAC,SF,25,1,27.9,5.2,12.1,.427,0.6,3.0,.200,4.6,9.1,.502,.452,6.4,7.4,.864,1.2,4.2,5.3,2.3,1.0,0.3,2.1,2.3,17.3,,mathube01
67,Paul George,35,PHI,PF,36,36,30.9,6.1,14.1,.437,2.8,7.0,.394,3.4,7.1,.478,.535,2.5,3.0,.817,0.6,4.8,5.3,3.6,1.7,0.4,1.8,2.3,17.5,,georgpa01
68,Kevin Porter Jr.,25,MIL,PG,38,36,33.2,6.3,13.5,.465,1.2,3.8,.322,5.1,9.8,.520,.510,3.6,4.1,.878,0.9,4.3,5.2,7.4,2.2,0.5,2.9,2.3,17.4,,porteke02
69,Coby White,25,2TM,SG,49,26,25.2,5.6,12.5,.444,2.3,6.4,.359,3.3,6.1,.532,.535,3.9,4.8,.821,0.3,3.1,3.4,4.0,0.5,0.1,2.6,2.2,17.3,,whiteco01
69,Coby White,25,CHI,SG,29,26,29.1,5.9,13.6,.438,2.5,7.2,.346,3.4,6.4,.541,.529,4.3,5.3,.805,0.2,3.5,3.7,4.7,0.7,0.1,3.0,2.4,18.6,,whiteco01
69,Coby White,25,CHO,SG,20,0,19.5,5.0,11.0,.455,2.0,5.2,.385,3.0,5.8,.517,.545,3.5,4.1,.852,0.5,2.6,3.1,3.1,0.3,0.2,1.9,2.0,15.5,,whiteco01
70,Ryan Rollins,23,MIL,PG,74,67,32.1,6.6,13.9,.472,2.5,6.1,.406,4.1,7.8,.523,.561,1.7,2.1,.796,0.7,3.8,4.6,5.6,1.5,0.4,2.7,2.6,17.3,,rolliry01
71,Miles Bridges,27,CHO,PF,76,76,31.1,6.3,13.6,.460,1.9,5.8,.334,4.3,7.8,.555,.532,2.7,3.3,.825,1.0,4.9,5.9,3.2,0.6,0.4,1.4,1.7,17.2,,bridgmi02
72,Chet Holmgren,23,OKC,PF,69,69,28.9,6.3,11.3,.557,1.3,3.5,.362,5.0,7.8,.646,.614,3.3,4.1,.792,1.9,7.0,8.9,1.7,0.6,1.9,1.6,2.3,17.1,AS,holmgch01
73,Jalen Williams,24,OKC,SG,33,33,28.4,6.5,13.5,.484,0.7,2.3,.299,5.8,11.2,.523,.510,3.3,3.9,.837,0.8,3.8,4.6,5.5,1.2,0.3,1.9,2.0,17.1,,willija06
74,Josh Giddey,23,CHI,PG,54,51,32.1,5.9,13.3,.448,1.9,5.2,.364,4.0,8.0,.502,.520,3.2,4.2,.763,1.2,7.1,8.3,9.1,1.0,0.5,3.6,1.7,17.0,,giddejo01
75,Payton Pritchard,28,BOS,PG,79,50,32.4,6.4,13.8,.464,2.7,7.1,.377,3.7,6.7,.556,.561,1.5,1.7,.890,0.9,3.1,3.9,5.2,0.7,0.1,1.4,1.5,17.0,,pritcpa01
76,Andrew Nembhard,26,IND,PG,57,57,31.3,5.8,13.2,.442,1.9,5.2,.361,4.0,8.0,.495,.513,3.4,4.1,.825,0.4,2.4,2.8,7.7,0.9,0.1,2.4,2.2,16.9,,nembhan01
77,Kristaps Porziņģis,30,2TM,C,31,22,24.0,5.5,12.3,.447,1.7,5.0,.346,3.7,7.2,.518,.518,4.1,4.9,.836,1.2,3.9,5.1,2.6,0.6,1.2,1.3,2.8,16.8,,porzikr01
77,Kristaps Porziņģis,30,ATL,C,17,12,24.3,5.6,12.4,.457,1.8,5.1,.360,3.8,7.3,.524,.531,4.0,4.8,.840,1.2,3.9,5.1,2.7,0.5,1.3,0.9,3.2,17.1,,porzikr01
77,Kristaps Porziņģis,30,GSW,C,14,10,23.7,5.3,12.1,.435,1.6,5.0,.329,3.6,7.1,.510,.503,4.2,5.1,.831,1.2,3.9,5.1,2.4,0.6,1.1,1.8,2.4,16.4,,porzikr01
78,Stephon Castle,21,SAS,PG,67,66,30.0,5.7,12.0,.473,1.2,3.6,.328,4.5,8.4,.535,.522,4.2,5.7,.737,1.4,3.8,5.2,7.4,1.1,0.3,3.2,3.3,16.8,,castlst01
79,OG Anunoby,28,NYK,PF,67,67,33.2,5.8,12.0,.484,2.3,6.1,.386,3.5,5.9,.584,.581,2.7,3.3,.828,1.3,4.0,5.2,2.2,1.6,0.7,1.8,2.4,16.7,,anunoog01
80,Dejounte Murray,29,NOP,PG,14,14,27.8,6.3,13.0,.484,1.4,4.4,.306,4.9,8.6,.575,.536,2.8,3.2,.867,0.3,5.1,5.4,6.4,1.6,0.2,3.4,2.4,16.7,,murrade01
81,Immanuel Quickley,26,TOR,PG,69,69,32.1,5.8,13.0,.444,2.6,6.9,.376,3.2,6.2,.520,.543,2.5,3.0,.821,0.6,3.5,4.1,5.9,1.3,0.1,1.5,2.0,16.6,,quickim01
82,Grayson Allen,30,PHO,SG,51,27,28.8,5.3,13.1,.403,3.1,8.9,.349,2.2,4.2,.519,.522,2.8,3.3,.857,0.7,2.3,3.0,3.8,1.4,0.3,1.6,2.3,16.5,,allengr01
83,Derrick White,31,BOS,SG,77,77,34.1,5.7,14.4,.394,2.7,8.3,.327,3.0,6.1,.487,.489,2.4,2.6,.902,1.1,3.3,4.4,5.4,1.1,1.3,1.7,1.5,16.5,,whitede01
84,Matas Buzelis,21,CHI,PF,77,77,29.2,5.8,12.5,.463,2.2,6.4,.349,3.5,6.1,.583,.553,2.4,3.1,.786,1.0,4.8,5.8,2.1,0.7,1.5,2.1,2.3,16.3,,buzelma01
85,Alex Sarr,20,WAS,C,48,48,27.2,6.6,13.7,.482,1.0,3.1,.333,5.5,10.5,.526,.520,2.1,3.0,.692,2.2,5.2,7.4,2.7,0.8,2.0,1.7,2.2,16.3,,sarral01
86,Aaron Gordon,30,DEN,PF,36,33,27.9,5.5,11.1,.497,1.7,4.4,.389,3.8,6.7,.568,.574,3.5,4.5,.767,1.4,4.4,5.8,2.7,0.6,0.3,1.1,1.7,16.2,,gordoaa01
87,Jrue Holiday,35,POR,PG,52,50,29.4,6.0,13.3,.452,2.6,6.8,.381,3.4,6.5,.525,.549,1.6,1.9,.838,1.3,3.3,4.6,6.1,1.0,0.1,2.7,1.5,16.2,,holidjr01
88,VJ Edgecombe,20,PHI,SG,74,74,35.0,6.0,13.8,.439,2.0,5.6,.356,4.0,8.1,.496,.511,2.0,2.4,.818,1.6,4.0,5.6,4.1,1.4,0.5,1.8,2.9,16.1,,edgecvj01
89,Domantas Sabonis,29,SAC,C,19,15,29.7,6.3,11.6,.543,0.3,1.4,.185,6.1,10.2,.593,.554,2.9,4.1,.727,3.4,8.0,11.4,4.1,0.9,0.2,2.7,3.5,15.8,,sabondo01
90,Jabari Smith Jr.,22,HOU,PF,77,77,35.1,5.7,12.6,.450,2.3,6.3,.363,3.4,6.3,.537,.541,2.1,2.7,.775,1.4,5.5,6.9,1.9,0.7,0.9,1.4,2.5,15.8,,smithja05
91,Andrew Wiggins,30,MIA,SF,67,67,30.4,5.8,12.1,.479,2.1,4.9,.419,3.7,7.2,.520,.564,1.9,2.4,.781,1.7,3.2,4.9,2.7,1.1,1.0,1.5,2.3,15.5,,wiggian01
92,Collin Sexton,27,2TM,SG,67,21,23.7,5.3,10.8,.485,1.7,4.1,.399,3.6,6.7,.538,.561,3.2,3.8,.854,0.6,1.7,2.3,3.3,1.1,0.1,2.1,2.1,15.4,,sextoco01
92,Collin Sexton,27,CHO,SG,42,12,22.3,4.8,9.9,.488,1.4,3.5,.393,3.5,6.4,.539,.557,3.2,3.7,.877,0.4,1.5,1.9,3.7,0.9,0.2,2.1,1.8,14.2,,sextoco01
92,Collin Sexton,27,CHI,SG,25,9,25.9,6.0,12.5,.481,2.2,5.3,.406,3.8,7.2,.536,.567,3.2,4.0,.818,0.9,2.0,2.9,2.6,1.6,0.1,2.1,2.6,17.4,,sextoco01
93,Jarrett Allen,27,CLE,C,56,56,27.1,6.0,9.4,.638,0.0,0.2,.100,6.0,9.3,.649,.639,3.3,4.7,.709,2.6,5.9,8.5,1.8,1.0,0.8,1.3,1.7,15.4,,allenja01
94,Jaime Jaquez Jr.,24,MIA,SF,74,1,28.3,6.1,12.1,.503,0.8,2.4,.317,5.3,9.7,.550,.535,2.2,2.9,.771,1.3,3.8,5.1,4.7,0.7,0.3,2.1,1.9,15.2,,jaqueja01
95,Naji Marshall,28,DAL,SF,74,47,29.5,5.7,11.1,.510,0.8,2.9,.291,4.8,8.2,.587,.548,3.1,4.1,.760,0.9,3.8,4.7,3.3,1.1,0.1,1.6,1.9,15.2,,marshna01
96,Onyeka Okongwu,25,ATL,C,74,63,31.0,5.6,11.6,.480,1.9,5.2,.376,3.6,6.4,.564,.564,2.1,2.7,.757,1.9,5.7,7.6,3.1,1.1,1.1,1.7,3.3,15.2,,okongon01
97,Russell Westbrook,37,SAC,SF,64,58,29.0,5.6,13.1,.427,2.0,5.9,.338,3.6,7.2,.500,.503,2.0,2.9,.694,1.3,4.2,5.4,6.7,1.3,0.2,3.3,2.3,15.2,,westbru01
98,Nikola Vučević,35,2TM,C,64,49,28.4,6.2,12.5,.493,1.6,4.2,.369,4.6,8.3,.557,.556,1.2,1.5,.828,2.0,6.4,8.4,3.3,0.6,0.6,1.3,2.0,15.1,,vucevni01
98,Nikola Vučević,35,CHI,C,48,48,30.8,6.9,13.8,.505,1.7,4.5,.376,5.2,9.2,.568,.567,1.3,1.5,.838,2.1,6.9,9.0,3.8,0.7,0.6,1.4,2.0,16.9,,vucevni01
98,Nikola Vučević,35,BOS,C,16,1,21.1,3.8,8.7,.439,1.1,3.3,.340,2.7,5.4,.500,.504,0.9,1.2,.789,1.6,5.1,6.6,2.0,0.4,0.6,1.0,1.9,9.7,,vucevni01
99,Anthony Black,22,ORL,PG,63,40,30.0,5.4,12.1,.446,1.6,4.7,.334,3.8,7.4,.516,.510,2.7,3.6,.732,0.7,3.1,3.8,3.7,1.4,0.7,2.1,2.6,15.0,,blackan01
100,Kennedy Chandler,23,UTA,PG,11,2,32.3,5.5,12.5,.445,1.4,3.5,.395,4.2,9.0,.465,.500,2.5,3.9,.651,0.5,2.8,3.4,6.7,1.0,0.2,2.1,2.1,15.0,,chandke01
101,Brice Sensabaugh,22,UTA,SF,74,22,23.6,5.3,11.4,.460,2.1,5.9,.366,3.1,5.6,.559,.554,2.2,2.6,.831,0.8,2.3,3.1,1.9,0.7,0.2,1.6,1.9,14.9,,sensabr01
102,Ayo Dosunmu,26,2TM,SG,69,19,27.3,5.6,10.8,.517,1.8,4.1,.439,3.8,6.8,.563,.599,1.8,2.1,.876,0.7,2.8,3.4,3.6,0.8,0.3,1.4,1.9,14.8,,dosunay01
102,Ayo Dosunmu,26,CHI,SG,45,10,26.4,5.6,10.8,.514,1.9,4.3,.451,3.6,6.5,.556,.604,2.0,2.3,.857,0.7,2.3,3.0,3.6,0.8,0.3,1.4,1.7,15.0,,dosunay01
102,Ayo Dosunmu,26,MIN,SG,24,9,28.9,5.7,10.9,.521,1.5,3.6,.414,4.2,7.3,.575,.590,1.5,1.7,.925,0.6,3.6,4.2,3.5,1.0,0.3,1.5,2.2,14.4,,dosunay01
103,Kyshawn George,22,WAS,SF,48,48,29.0,5.3,12.0,.438,2.1,5.4,.381,3.2,6.6,.486,.524,2.2,2.7,.802,0.9,4.2,5.1,4.5,1.0,0.9,2.6,3.5,14.8,,georgky01
104,Jaden McDaniels,25,MIN,PF,73,73,31.7,5.7,11.1,.515,1.4,3.4,.412,4.3,7.7,.562,.579,2.0,2.4,.835,1.0,3.2,4.2,2.7,1.1,1.0,1.8,3.3,14.8,,mcdanja02
105,Mikal Bridges,29,NYK,SF,81,81,33.2,5.8,11.9,.490,1.9,5.2,.371,3.9,6.7,.582,.571,1.0,1.2,.827,1.0,2.9,3.9,3.8,1.3,0.8,1.0,2.0,14.6,,bridgmi01
106,Peyton Watson,23,DEN,SF,54,40,29.6,5.3,10.8,.491,1.5,3.6,.411,3.8,7.1,.531,.560,2.6,3.5,.730,0.9,4.0,4.9,2.1,0.9,1.1,1.7,2.5,14.6,,watsope01
107,Walker Kessler,24,UTA,C,5,5,30.8,5.2,7.4,.703,1.2,1.6,.750,4.0,5.8,.690,.784,2.8,4.0,.700,4.6,6.2,10.8,3.0,1.4,1.8,3.2,4.4,14.4,,kesslwa01
108,Dariq Whitehead,21,MEM,SF,5,1,28.8,5.2,14.4,.361,3.0,9.8,.306,2.2,4.6,.478,.465,1.0,1.4,.714,0.4,3.6,4.0,1.6,0.8,0.0,2.0,2.2,14.4,,whiteda01
109,Anfernee Simons,26,2TM,SG,55,5,24.9,5.2,11.8,.440,2.7,6.9,.385,2.5,4.9,.517,.552,1.3,1.4,.896,0.6,1.9,2.5,2.4,0.5,0.1,1.2,1.7,14.3,,simonan01
109,Anfernee Simons,26,BOS,SG,49,0,24.5,5.1,11.6,.440,2.7,6.7,.395,2.4,4.9,.502,.555,1.3,1.5,.889,0.5,1.9,2.4,2.4,0.6,0.1,1.1,1.7,14.2,,simonan01
109,Anfernee Simons,26,CHI,SG,6,5,28.3,5.8,13.3,.438,2.7,8.3,.320,3.2,5.0,.633,.538,0.8,0.8,1.000,0.8,2.0,2.8,3.0,0.0,0.3,2.2,2.0,15.2,,simonan01
110,Scoot Henderson,21,POR,PG,29,9,24.9,4.7,11.4,.415,1.9,5.3,.355,2.8,6.0,.469,.498,2.9,3.4,.838,0.6,2.1,2.7,3.7,0.9,0.3,2.4,2.8,14.2,,hendesc01
111,Tre Jones,26,CHI,PG,64,40,27.1,5.3,9.5,.558,0.6,2.0,.323,4.6,7.5,.620,.592,3.0,3.5,.841,0.6,2.6,3.1,5.4,1.2,0.2,1.4,1.5,14.2,,jonestr01
112,Kelly Oubre Jr.,30,PHI,SF,49,40,31.7,5.1,10.9,.466,1.8,4.8,.364,3.3,6.1,.547,.547,2.2,2.9,.761,1.0,4.0,5.0,1.6,1.3,0.5,1.4,2.5,14.2,,oubreke01
113,P.J. Washington,27,DAL,PF,56,53,31.0,5.3,11.8,.450,1.4,4.2,.325,3.9,7.6,.519,.508,2.2,3.3,.687,1.5,5.5,7.0,1.8,1.0,1.1,1.7,2.1,14.2,,washipj01
114,Ivica Zubac,28,2TM,C,48,47,30.1,6.0,10.0,.598,0.0,0.0,,6.0,10.0,.598,.598,2.1,3.0,.711,3.4,7.2,10.6,2.2,0.4,0.8,1.8,2.3,14.1,,zubaciv01
114,Ivica Zubac,28,LAC,C,43,42,30.9,6.1,10.0,.613,0.0,0.0,,6.1,10.0,.613,.613,2.2,3.1,.705,3.4,7.6,11.0,2.2,0.4,0.8,1.9,2.4,14.4,,zubaciv01
114,Ivica Zubac,28,IND,C,5,5,23.6,5.0,10.6,.472,0.0,0.0,,5.0,10.6,.472,.472,1.6,2.0,.800,2.8,4.4,7.2,1.8,0.4,0.8,0.8,1.6,11.6,,zubaciv01
115,Santi Aldama,25,MEM,PF,43,11,27.9,5.3,11.1,.479,1.6,4.7,.350,3.7,6.4,.572,.553,1.8,2.7,.667,1.6,5.1,6.7,2.9,0.9,0.7,1.3,1.6,14.0,,aldamsa01
116,Jeremiah Fears,19,NOP,PG,81,48,25.6,5.2,12.1,.435,1.2,3.7,.336,4.0,8.4,.479,.486,2.2,2.9,.784,0.7,2.9,3.6,3.4,1.2,0.4,2.2,1.8,14.0,,fearsje01
117,Keegan Murray,25,SAC,PF,23,22,34.5,5.5,13.0,.420,1.3,4.9,.277,4.1,8.2,.505,.472,1.7,2.1,.776,1.4,4.3,5.7,1.7,1.0,1.6,1.2,1.8,14.0,,murrake02
118,Brandin Podziemski,22,GSW,SG,81,42,28.5,4.8,10.6,.457,1.9,5.0,.371,3.0,5.5,.535,.545,2.3,3.0,.795,0.9,4.2,5.1,3.7,1.1,0.2,1.6,1.7,13.9,,podzibr01
119,Ace Bailey,19,UTA,SF,71,60,27.6,5.5,12.3,.445,1.9,5.5,.350,3.5,6.8,.523,.524,0.9,1.2,.767,1.4,2.8,4.2,1.8,0.8,0.7,1.5,2.7,13.8,,baileac01
120,Aaron Nesmith,26,IND,SF,45,42,29.7,4.7,11.4,.414,2.3,6.2,.379,2.4,5.2,.455,.517,2.0,2.5,.829,1.1,3.1,4.2,1.9,0.6,0.5,1.4,2.8,13.8,,nesmiaa01
121,Devin Vassell,25,SAS,SG,66,64,30.5,4.9,11.2,.435,2.5,6.4,.384,2.4,4.8,.503,.545,1.6,1.9,.813,0.6,3.5,4.0,2.5,0.8,0.4,0.9,1.6,13.8,,vassede01
122,De'Andre Hunter,28,2TM,SF,45,25,26.1,4.6,11.1,.415,1.7,5.5,.305,3.0,5.7,.522,.490,2.8,3.2,.867,0.7,3.4,4.1,2.0,0.7,0.1,1.7,2.5,13.7,,huntede01
122,De'Andre Hunter,28,CLE,SF,43,23,26.2,4.7,11.2,.423,1.7,5.5,.308,3.0,5.7,.535,.499,2.8,3.2,.869,0.7,3.6,4.2,2.1,0.7,0.1,1.7,2.5,14.0,,huntede01
122,De'Andre Hunter,28,SAC,SF,2,2,25.5,2.0,9.5,.211,1.0,4.5,.222,1.0,5.0,.200,.263,2.5,3.0,.833,0.5,1.0,1.5,0.5,0.0,0.0,2.0,2.5,7.5,,huntede01
123,Bobby Portis,30,MIL,PF,67,9,24.2,5.5,11.2,.488,2.0,4.4,.456,3.4,6.8,.509,.578,0.7,1.0,.706,1.3,5.1,6.4,1.6,0.6,0.2,1.0,1.6,13.7,,portibo01
124,Cedric Coward,22,MEM,SG,62,47,25.8,4.9,10.5,.471,1.5,4.4,.338,3.4,6.0,.568,.542,2.3,2.7,.843,1.3,4.5,5.9,2.8,0.6,0.4,1.7,2.0,13.6,,cowarce01
125,Zach Edey,23,MEM,C,11,11,25.8,5.6,8.9,.633,0.1,0.5,.200,5.5,8.5,.656,.638,2.3,2.9,.781,3.9,7.2,11.1,1.1,0.6,1.9,2.4,3.4,13.6,,edeyza01
126,Ajay Mitchell,23,OKC,SG,57,16,25.8,5.0,10.4,.485,1.1,3.1,.347,3.9,7.3,.543,.536,2.5,2.8,.870,0.7,2.6,3.3,3.6,1.2,0.3,1.4,2.1,13.6,,mitchaj01
127,Naz Reid,26,MIN,C,77,3,26.1,5.2,11.3,.456,2.1,5.8,.362,3.1,5.5,.556,.549,1.2,1.6,.732,1.2,5.0,6.2,2.2,1.0,1.0,1.6,2.5,13.6,,reidna01
128,Jalen Suggs,24,ORL,PG,56,55,27.4,4.9,11.3,.434,2.1,6.2,.333,2.8,5.1,.554,.525,1.8,2.1,.855,0.6,3.2,3.8,5.5,1.9,0.7,2.6,2.6,13.6,,suggsja01
129,Cam Thomas,24,2TM,SG,42,8,21.0,4.5,11.0,.410,1.2,4.0,.310,3.3,7.0,.468,.466,3.3,4.0,.811,0.3,1.4,1.7,2.6,0.2,0.1,1.8,1.0,13.5,,thomaca02
129,Cam Thomas,24,BRK,SG,24,8,24.3,5.1,12.8,.399,1.6,4.9,.325,3.5,8.0,.445,.461,3.8,4.5,.843,0.4,1.4,1.8,3.1,0.2,0.1,2.0,1.3,15.6,,thomaca02
129,Cam Thomas,24,MIL,SG,18,0,16.6,3.7,8.5,.431,0.8,2.8,.275,2.9,5.7,.510,.477,2.6,3.4,.754,0.1,1.4,1.6,1.9,0.3,0.1,1.4,0.7,10.7,,thomaca02
130,John Collins,28,LAC,PF,68,55,27.2,5.2,9.5,.550,1.3,3.2,.410,3.9,6.3,.621,.619,1.7,2.2,.763,1.6,3.7,5.3,1.0,0.9,0.8,1.4,2.7,13.5,,collijo01
131,Tim Hardaway Jr.,33,DEN,SG,80,6,26.6,4.4,9.7,.447,2.8,6.9,.407,1.6,2.9,.541,.591,2.0,2.5,.811,0.2,2.4,2.6,1.4,0.5,0.1,0.5,1.3,13.5,,hardati02
132,Cormac Ryan,27,MIL,SG,10,1,23.2,4.5,8.2,.549,2.4,4.7,.511,2.1,3.5,.600,.695,2.1,2.3,.913,0.5,1.3,1.8,1.5,1.0,0.3,1.5,2.6,13.5,,ryanco01
133,Reed Sheppard,21,HOU,SG,81,20,26.2,4.9,11.5,.431,2.8,7.0,.395,2.2,4.5,.486,.551,0.8,1.0,.810,0.3,2.5,2.9,3.4,1.5,0.7,1.5,2.0,13.5,,sheppre01
134,Toumani Camara,25,POR,PF,81,81,33.3,4.8,10.8,.440,2.7,7.2,.370,2.1,3.6,.580,.563,1.2,1.7,.708,1.6,3.6,5.1,2.5,1.2,0.4,1.8,2.9,13.4,,camarto01
135,Jordan Poole,26,NOP,PG,39,8,23.9,4.2,11.4,.372,2.5,7.4,.333,1.8,4.0,.442,.480,2.5,2.9,.860,0.2,1.7,2.0,3.1,0.6,0.4,1.8,2.3,13.4,,poolejo01
136,Quentin Grimes,25,PHI,SG,74,19,29.4,4.5,10.0,.449,1.7,5.1,.329,2.8,5.0,.571,.532,2.7,3.2,.838,0.6,3.0,3.6,3.2,0.9,0.4,1.8,2.1,13.3,,grimequ01
137,Tobias Harris,33,DET,PF,62,62,27.8,4.8,10.4,.464,1.3,3.5,.356,3.6,6.9,.519,.524,2.2,2.5,.865,0.9,4.3,5.1,2.5,0.9,0.4,1.0,1.7,13.1,,harrito02
138,Keldon Johnson,26,SAS,SF,81,0,23.3,5.0,9.7,.520,1.2,3.3,.362,3.8,6.4,.602,.582,1.9,2.3,.798,1.7,3.7,5.4,1.4,0.6,0.1,0.9,2.0,13.1,,johnske04
139,Jaylon Tyson,23,CLE,SG,65,41,27.0,5.0,10.1,.495,2.0,4.5,.447,3.0,5.6,.534,.595,1.2,1.6,.738,1.8,3.3,5.1,2.2,0.8,0.4,1.5,2.5,13.1,,tysonja01
140,Kyle Kuzma,30,MIL,PF,69,43,26.2,4.9,10.0,.492,1.2,3.5,.347,3.7,6.5,.569,.552,2.0,2.7,.726,0.8,3.7,4.5,2.7,0.7,0.4,1.7,1.9,13.0,,kuzmaky01
141,Brandon Williams,26,DAL,PG,66,15,22.2,4.4,9.3,.472,0.5,2.3,.232,3.9,7.0,.552,.501,3.7,4.6,.793,0.5,2.4,2.9,3.9,0.9,0.3,1.9,1.6,13.0,,willibr03
142,Sam Merrill,29,CLE,SG,52,38,26.5,4.3,9.3,.461,3.0,7.2,.421,1.3,2.1,.596,.624,1.1,1.3,.855,0.5,2.0,2.6,2.4,0.6,0.1,0.8,2.4,12.8,,merrisa01
143,Collin Gillespie,26,PHO,PG,80,58,28.5,4.4,10.5,.418,2.9,7.2,.401,1.5,3.3,.455,.556,1.0,1.1,.874,1.1,3.0,4.1,4.6,1.2,0.2,1.6,1.6,12.7,,gilleco01
144,GG Jackson II,21,MEM,PF,55,28,21.4,4.6,9.3,.496,1.2,3.5,.332,3.5,5.8,.595,.558,2.0,2.7,.742,0.9,3.4,4.3,1.5,0.6,0.8,1.5,1.4,12.5,,jacksgg01
145,De'Anthony Melton,27,GSW,PG,48,23,23.0,4.5,10.9,.410,1.5,5.0,.298,3.0,5.8,.507,.479,2.0,2.5,.824,0.8,2.4,3.2,2.6,1.6,0.4,1.9,1.9,12.5,,meltode01
146,Malik Monk,27,SAC,SG,62,3,22.0,4.5,10.2,.438,2.0,5.1,.395,2.5,5.1,.481,.536,1.5,1.7,.879,0.2,1.6,1.9,3.0,0.6,0.4,1.5,1.6,12.5,,monkma01
147,Jaylen Wells,22,MEM,SG,69,69,26.4,4.4,10.1,.431,1.9,5.3,.353,2.5,4.8,.517,.524,1.9,2.5,.784,0.9,2.3,3.2,1.6,0.9,0.1,1.1,2.1,12.5,,wellsja01
148,Deandre Ayton,27,LAL,C,71,71,27.2,5.5,8.3,.670,0.0,0.0,,5.5,8.3,.670,.670,1.3,2.0,.640,2.6,5.4,8.0,0.8,0.6,0.9,1.2,2.2,12.3,,aytonde01
149,Max Christie,22,DAL,SG,76,67,29.4,4.1,9.4,.439,2.3,5.8,.403,1.8,3.6,.496,.563,1.6,1.8,.906,0.2,3.1,3.3,2.0,0.6,0.3,1.3,1.3,12.3,,chrisma02
150,Noah Clowney,21,BRK,PF,66,60,27.0,3.8,9.6,.396,2.0,5.9,.329,1.8,3.6,.506,.498,2.7,3.4,.804,0.8,3.3,4.1,1.6,0.8,0.7,1.5,2.5,12.3,,clownno01
151,Donte DiVincenzo,29,MIN,SG,81,81,30.7,4.2,10.2,.407,3.0,7.9,.380,1.2,2.4,.497,.554,1.0,1.3,.743,0.8,3.3,4.1,3.8,1.3,0.4,1.5,2.4,12.3,,divindo01
152,Maxime Raynaud,22,SAC,C,73,55,26.4,5.2,9.1,.569,0.3,1.0,.300,4.9,8.1,.601,.585,1.8,2.2,.780,1.9,5.6,7.5,1.3,0.5,0.5,1.2,2.3,12.3,,raynama01
153,Jonathan Kuminga,23,2TM,PF,36,14,23.1,4.4,9.4,.463,1.0,2.9,.333,3.4,6.5,.521,.515,2.5,3.4,.724,1.4,4.3,5.6,2.3,0.6,0.3,1.9,1.5,12.2,,kuminjo01
153,Jonathan Kuminga,23,GSW,PF,20,13,23.8,4.4,9.7,.454,0.9,2.7,.321,3.6,7.1,.504,.497,2.5,3.3,.742,1.5,4.4,5.9,2.5,0.4,0.3,2.3,1.7,12.1,,kuminjo01
153,Jonathan Kuminga,23,ATL,PF,16,1,22.1,4.3,9.1,.476,1.1,3.3,.346,3.2,5.8,.548,.538,2.5,3.6,.702,1.3,4.1,5.3,2.1,0.9,0.3,1.3,1.4,12.3,,kuminjo01
154,Cameron Johnson,29,DEN,SF,54,54,30.5,4.2,8.8,.480,2.0,4.7,.430,2.2,4.1,.539,.596,1.7,2.1,.839,0.8,3.0,3.8,2.4,0.7,0.4,0.9,2.3,12.2,,johnsca02
155,Tre Johnson,19,WAS,SG,60,42,24.1,4.5,10.8,.419,1.9,5.4,.358,2.6,5.4,.479,.508,1.3,1.5,.874,0.5,2.4,2.8,2.0,0.6,0.3,1.6,2.0,12.2,,johnstr03
156,Duncan Robinson,31,DET,SF,76,76,27.5,4.1,9.1,.453,2.9,7.0,.410,1.3,2.1,.597,.611,1.1,1.4,.755,0.4,2.3,2.7,2.1,0.6,0.3,0.7,2.2,12.2,,robindu01
157,Donovan Clingan,21,POR,C,76,76,27.2,4.6,8.9,.519,1.1,3.2,.340,3.5,5.7,.621,.581,1.8,2.7,.680,4.5,7.1,11.6,2.1,0.6,1.7,1.2,2.3,12.1,,clingdo01
158,Blake Hinson,26,UTA,SF,13,2,20.0,4.2,7.9,.534,2.7,5.5,.493,1.5,2.5,.625,.704,0.9,1.2,.750,0.6,1.5,2.1,1.1,0.3,0.2,0.4,1.6,12.1,,hinsobl01
159,Moses Moody,23,GSW,SG,60,49,25.7,4.1,9.3,.440,2.5,6.3,.401,1.6,3.0,.522,.575,1.5,1.9,.770,0.9,2.5,3.3,1.6,1.0,0.6,1.0,2.0,12.1,,moodymo01
160,Christian Braun,24,DEN,SG,44,44,31.8,4.6,8.8,.519,1.0,3.3,.301,3.6,5.6,.646,.575,1.8,2.3,.782,1.4,3.4,4.8,2.7,0.7,0.3,1.0,2.3,12.0,,braunch01
161,Josh Hart,30,NYK,SF,66,52,30.2,4.6,9.0,.508,1.5,3.7,.413,3.0,5.3,.574,.593,1.4,1.9,.720,1.4,6.0,7.4,4.8,1.1,0.3,1.9,2.5,12.0,,hartjo01
162,Wendell Carter Jr.,26,ORL,C,77,77,29.3,4.2,8.2,.516,0.9,2.9,.321,3.3,5.3,.623,.573,2.5,3.2,.793,2.1,5.3,7.4,2.0,0.8,0.6,1.3,3.4,11.9,,cartewe01
163,Dyson Daniels,22,ATL,SG,76,76,33.2,5.3,10.2,.517,0.3,1.5,.188,5.0,8.7,.576,.532,1.0,1.6,.615,2.4,4.4,6.8,5.9,2.0,0.4,1.8,2.2,11.9,,daniedy01
164,Myles Turner,29,MIL,C,71,71,26.9,4.0,9.1,.440,2.1,5.4,.383,1.9,3.7,.523,.553,1.8,2.5,.740,1.1,4.3,5.3,1.5,0.7,1.6,1.2,2.6,11.9,,turnemy01
165,Dylan Harper,19,SAS,SG,68,4,22.6,4.8,9.5,.505,0.9,2.6,.345,3.9,6.9,.566,.553,1.3,1.7,.754,0.8,2.6,3.4,3.9,0.8,0.4,1.5,2.0,11.8,,harpedy01
166,Miles McBride,25,NYK,SG,40,14,26.4,4.1,9.7,.419,2.7,6.6,.409,1.4,3.1,.440,.558,0.9,1.1,.800,0.6,1.9,2.4,2.6,0.9,0.2,0.8,1.7,11.8,,mcbrimi01
167,Nic Claxton,26,BRK,C,69,68,27.8,4.8,8.4,.571,0.0,0.3,.158,4.8,8.2,.585,.574,2.0,3.3,.616,2.4,4.5,6.9,3.7,0.7,1.1,1.4,2.3,11.7,,claxtni01
168,Isaiah Collier,21,UTA,PG,59,19,25.7,4.3,8.7,.495,0.5,1.7,.270,3.9,7.0,.549,.521,2.6,3.5,.722,0.4,2.2,2.5,7.2,1.1,0.3,2.5,2.3,11.7,,colliis01
169,Bilal Coulibaly,21,WAS,SG,56,56,26.2,4.1,9.7,.425,1.2,3.6,.319,2.9,6.0,.490,.485,2.4,3.2,.746,0.9,3.5,4.3,2.6,1.3,1.0,1.4,2.3,11.7,,coulibi01
170,Julian Reese,22,WAS,PF,12,10,31.9,4.8,9.3,.518,0.0,0.0,,4.8,9.3,.518,.518,2.0,3.3,.600,4.4,6.8,11.2,2.0,1.3,0.7,2.7,3.4,11.7,,reeseju01
171,Klay Thompson,35,DAL,SF,68,8,21.9,4.1,10.6,.393,2.9,7.6,.382,1.2,2.9,.420,.531,0.5,0.7,.766,0.3,1.8,2.1,1.4,0.5,0.3,0.9,1.0,11.7,,thompkl01
172,Mark Williams,24,PHO,C,60,55,23.6,4.7,7.3,.644,0.0,0.0,1.000,4.7,7.3,.643,.645,2.3,2.9,.771,3.1,4.9,8.0,1.0,0.9,0.9,1.1,2.2,11.7,,willima07
173,Jarace Walker,22,IND,PF,76,41,25.7,4.0,9.6,.419,1.8,4.7,.374,2.3,5.0,.462,.510,1.8,2.4,.749,0.6,4.5,5.1,2.5,0.8,0.3,1.8,1.6,11.6,,walkeja02
174,Derik Queen,21,NOP,C,80,47,24.8,4.3,9.0,.476,0.3,1.1,.256,4.0,7.9,.506,.492,2.6,3.3,.792,1.6,5.3,6.9,3.7,1.0,0.9,2.3,2.6,11.5,,queende01
175,Kyle Filipowski,22,UTA,C,77,41,23.4,4.2,8.5,.492,1.0,3.0,.325,3.2,5.6,.580,.548,2.1,2.8,.750,1.9,5.3,7.2,2.6,0.9,0.5,1.6,3.0,11.4,,filipky01
176,Pelle Larsson,24,MIA,SG,70,54,26.4,4.0,8.0,.496,0.9,2.7,.323,3.1,5.2,.586,.551,2.6,3.3,.797,1.0,2.5,3.5,3.4,0.7,0.2,1.4,2.1,11.4,,larsspe01
177,Scotty Pippen Jr.,25,MEM,PG,10,6,21.2,4.3,9.6,.448,1.0,3.2,.313,3.3,6.4,.516,.500,1.8,2.3,.783,0.8,1.4,2.2,4.7,1.9,0.4,2.7,3.1,11.4,,pippesc02
178,Rui Hachimura,27,LAL,PF,67,40,28.3,4.5,8.7,.511,1.7,3.8,.440,2.8,4.9,.567,.608,0.7,1.0,.691,0.6,2.6,3.2,0.9,0.6,0.3,0.6,1.6,11.3,,hachiru01
179,Max Strus,29,CLE,SF,11,4,24.5,3.9,8.8,.443,2.9,6.9,.421,1.0,1.9,.524,.608,0.5,0.7,.750,0.8,4.6,5.5,2.0,0.3,0.0,0.7,3.0,11.3,,strusma01
180,Julian Champagnie,24,SAS,SF,81,67,27.7,3.7,8.4,.437,2.4,6.3,.382,1.3,2.1,.598,.579,1.4,1.7,.844,0.9,4.9,5.8,1.6,0.8,0.5,0.8,1.6,11.2,,champju02
181,Sandro Mamukelashvili,26,TOR,C,79,13,21.9,4.1,7.9,.521,1.4,3.7,.388,2.7,4.2,.639,.612,1.5,2.0,.747,1.4,3.6,5.0,1.9,0.8,0.5,0.8,1.8,11.2,,mamuksa01
182,Obi Toppin,27,IND,PF,23,3,17.7,4.0,8.1,.497,1.3,4.1,.319,2.7,4.0,.677,.578,1.8,2.0,.913,0.6,4.0,4.5,2.3,0.5,0.0,1.1,1.2,11.2,,toppiob01
183,Isaiah Joe,26,OKC,SG,71,9,21.2,3.5,7.6,.455,2.5,6.0,.423,0.9,1.6,.574,.622,1.5,1.7,.894,0.5,2.1,2.5,1.3,0.7,0.2,0.6,1.7,11.1,,joeis01
184,Cam Spencer,25,MEM,SG,72,20,23.8,3.7,7.7,.473,2.0,4.5,.449,1.6,3.2,.506,.604,1.8,1.9,.940,0.6,2.0,2.5,5.6,0.7,0.2,1.3,1.4,11.1,,spencca01
185,Kel'el Ware,21,MIA,C,76,33,22.0,4.4,8.4,.528,1.2,3.0,.386,3.3,5.4,.607,.597,0.9,1.2,.755,2.8,6.2,9.0,0.7,0.8,1.1,0.8,1.5,11.0,,wareke01
186,Alondes Williams,26,WAS,SG,4,0,25.3,4.0,6.5,.615,1.3,3.5,.357,2.8,3.0,.917,.712,1.8,2.0,.875,1.3,5.0,6.3,3.0,0.8,0.8,1.3,1.0,11.0,,willial06
187,Rudy Gobert,33,MIN,C,76,76,31.3,4.4,6.5,.682,0.0,0.1,.000,4.4,6.4,.689,.682,2.1,4.0,.526,3.9,7.5,11.5,1.7,0.8,1.6,1.4,2.6,10.9,,goberru01
188,Jusuf Nurkić,31,UTA,C,41,36,26.4,4.4,8.7,.503,0.6,1.7,.352,3.8,7.0,.540,.538,1.5,2.8,.549,2.6,7.8,10.4,4.8,1.3,0.5,2.5,3.3,10.9,,nurkiju01
189,Dennis Schröder,32,2TM,PG,70,17,24.2,3.6,9.0,.405,1.1,3.3,.329,2.6,5.7,.449,.465,2.4,2.9,.834,0.5,2.2,2.7,4.9,0.8,0.2,1.8,1.6,10.8,,schrode01
189,Dennis Schröder,32,SAC,PG,40,14,26.4,4.3,10.6,.408,1.4,4.2,.343,2.9,6.4,.449,.475,2.7,3.3,.820,0.6,2.5,3.1,5.3,0.8,0.2,2.0,1.7,12.8,,schrode01
189,Dennis Schröder,32,CLE,PG,30,3,21.4,2.8,6.9,.401,0.6,2.1,.290,2.2,4.8,.448,.444,2.1,2.4,.861,0.4,1.9,2.3,4.3,0.8,0.2,1.5,1.4,8.2,,schrode01
190,Tyler Burton,25,MEM,SF,12,0,25.6,3.5,9.3,.375,1.8,5.5,.333,1.7,3.8,.435,.473,1.9,2.3,.852,0.7,3.5,4.2,1.0,0.9,0.3,0.9,2.6,10.8,,burtoty01
191,Toby Okani,24,MEM,SG,5,3,35.2,4.4,12.0,.367,1.8,5.4,.333,2.6,6.6,.394,.442,0.2,1.6,.125,1.6,1.2,2.8,1.0,0.6,0.2,0.6,3.2,10.8,,okanito01
192,Daeqwon Plowden,27,SAC,SG,31,6,26.5,3.8,8.8,.431,2.0,5.9,.335,1.8,3.0,.620,.542,1.3,1.5,.848,1.1,2.0,3.1,1.3,0.7,0.2,0.7,2.4,10.8,,plowdda01
193,Jakob Poeltl,30,TOR,C,45,43,25.1,4.7,6.8,.695,0.0,0.0,,4.7,6.8,.695,.695,1.3,2.1,.624,2.5,4.5,7.1,2.0,0.8,0.7,1.2,3.2,10.7,,poeltja01
194,Jock Landale,30,2TM,C,68,27,22.1,4.1,8.1,.515,1.1,2.8,.383,3.1,5.2,.586,.582,1.2,1.9,.635,2.7,3.0,5.7,1.7,0.5,0.5,0.9,2.2,10.6,,landajo01
194,Jock Landale,30,MEM,C,45,25,23.6,4.4,8.6,.514,1.1,2.9,.380,3.4,5.8,.581,.577,1.3,2.0,.674,3.1,3.4,6.5,1.7,0.6,0.5,1.0,2.3,11.3,,landajo01
194,Jock Landale,30,ATL,C,23,2,19.4,3.6,6.9,.516,1.1,2.8,.391,2.5,4.1,.600,.594,0.9,1.6,.541,1.8,2.3,4.1,1.7,0.4,0.6,0.6,2.1,9.1,,landajo01
195,Bub Carrington,20,WAS,PG,81,47,27.6,3.8,8.9,.425,2.0,5.0,.404,1.8,3.9,.451,.539,1.0,1.3,.731,0.4,3.0,3.4,4.6,0.6,0.2,2.3,2.2,10.6,,carrica01
196,Caleb Love,24,POR,SG,48,1,21.1,4.0,10.2,.389,1.9,6.1,.320,2.0,4.1,.490,.484,0.8,1.0,.735,0.5,1.9,2.4,2.6,0.6,0.1,1.3,1.0,10.6,,loveca01
197,Marvin Bagley III,26,2TM,PF,60,12,20.0,4.2,6.9,.618,0.4,0.9,.462,3.8,6.0,.641,.647,1.6,2.4,.660,2.5,3.6,6.1,1.4,0.5,0.7,1.0,2.1,10.5,,baglema01
197,Marvin Bagley III,26,WAS,PF,38,8,19.2,4.1,6.5,.626,0.2,0.5,.421,3.8,6.0,.643,.642,1.8,2.6,.711,2.6,3.1,5.7,1.5,0.5,0.7,1.2,2.1,10.1,,baglema01
197,Marvin Bagley III,26,DAL,PF,22,4,21.4,4.5,7.5,.606,0.7,1.5,.485,3.8,6.0,.636,.655,1.2,2.1,.553,2.4,4.4,6.8,1.3,0.4,0.7,0.8,2.0,11.0,,baglema01
198,Josh Oduro,25,NOP,PF,2,0,25.0,4.5,7.5,.600,0.0,1.0,.000,4.5,6.5,.692,.600,1.5,2.5,.600,4.0,4.5,8.5,1.0,0.0,0.0,0.5,4.0,10.5,,odurojo01
199,Adama-Alpha Bal,22,MEM,SG,8,1,30.1,3.5,8.5,.412,2.3,5.5,.409,1.3,3.0,.417,.544,1.1,1.3,.900,0.8,2.4,3.1,2.4,1.1,0.1,0.8,3.4,10.4,,balad01
200,Will Riley,19,WAS,SF,73,17,21.9,3.7,8.3,.443,1.1,3.3,.320,2.6,5.0,.526,.507,1.9,2.4,.798,0.8,2.1,2.8,1.9,0.7,0.1,1.3,1.2,10.4,,rileywi01
201,Egor Dёmin,19,BRK,PG,52,45,25.2,3.4,8.6,.399,2.4,6.2,.385,1.1,2.4,.433,.537,1.0,1.3,.831,0.4,2.8,3.2,3.3,0.8,0.3,1.7,1.8,10.3,,demineg01
202,Tari Eason,24,HOU,PF,59,33,25.8,3.9,9.5,.414,1.6,4.3,.361,2.4,5.2,.458,.496,0.8,1.1,.766,2.1,4.2,6.2,1.5,1.2,0.5,1.3,2.3,10.3,,easonta01
203,A.J. Green,26,MIL,SG,77,67,29.0,3.3,7.8,.424,2.9,7.0,.420,0.4,0.8,.452,.612,0.7,0.8,.855,0.4,2.3,2.7,2.0,0.5,0.1,0.9,2.3,10.3,,greenaj01
204,DaQuan Jeffries,28,SAC,SG,3,0,20.0,3.7,6.3,.579,1.3,3.0,.444,2.3,3.3,.700,.684,1.7,1.7,1.000,1.0,0.7,1.7,0.3,0.7,0.0,0.0,3.0,10.3,,jeffrda01
205,Derrick Jones Jr.,28,LAC,SF,49,44,27.1,3.9,7.7,.504,1.1,3.1,.362,2.7,4.6,.601,.577,1.4,1.9,.763,1.2,2.2,3.4,1.4,0.9,1.0,0.8,2.1,10.3,,jonesde02
206,Khris Middleton,34,2TM,SF,62,49,23.1,3.6,8.7,.419,1.0,3.0,.355,2.6,5.7,.452,.480,1.9,2.2,.873,0.8,2.9,3.7,2.8,0.7,0.1,1.7,2.3,10.2,,middlkh01
206,Khris Middleton,34,WAS,SF,34,34,24.3,3.8,8.8,.433,1.0,2.9,.333,2.9,5.9,.483,.488,1.7,2.0,.841,0.9,3.1,3.9,3.3,0.8,0.3,1.7,2.5,10.3,,middlkh01
206,Khris Middleton,34,DAL,SF,28,15,21.6,3.4,8.5,.401,1.1,3.0,.381,2.3,5.5,.412,.468,2.1,2.3,.908,0.8,2.7,3.4,2.3,0.5,0.0,1.8,2.1,10.0,,middlkh01
207,Neemias Queta,26,BOS,C,76,75,25.3,4.3,6.6,.653,0.0,0.1,.125,4.3,6.5,.662,.654,1.6,2.3,.703,3.0,5.3,8.4,1.7,0.8,1.3,1.0,2.8,10.2,,quetane01
208,D'Angelo Russell,29,DAL,PG,26,3,19.0,3.6,8.9,.405,1.3,4.3,.295,2.3,4.6,.508,.476,1.7,2.3,.717,0.3,2.0,2.3,4.0,0.5,0.1,1.9,1.2,10.2,,russeda01
209,Jalen Smith,25,CHI,C,53,21,20.7,3.7,7.6,.483,1.5,4.2,.373,2.1,3.5,.614,.584,1.3,1.8,.742,1.8,4.8,6.7,1.2,0.5,0.8,1.0,2.1,10.2,,smithja04
210,Ziaire Williams,24,BRK,SF,56,13,22.9,3.3,7.7,.425,1.5,4.5,.343,1.8,3.3,.538,.524,2.1,2.5,.850,0.5,1.9,2.4,1.1,1.4,0.4,1.1,2.1,10.2,,willizi02
211,Kevin Huerter,27,2TM,SG,68,14,22.5,3.9,8.6,.451,1.4,4.7,.305,2.5,3.9,.623,.533,0.8,1.0,.768,0.5,3.0,3.5,2.6,0.9,0.5,1.1,1.7,10.0,,huertke01
211,Kevin Huerter,27,CHI,SF,44,11,23.6,4.2,9.2,.455,1.6,5.1,.314,2.6,4.1,.630,.542,0.9,1.3,.732,0.5,3.3,3.8,2.6,0.8,0.6,1.1,1.9,10.9,,huertke01
211,Kevin Huerter,27,DET,SG,24,3,20.5,3.3,7.6,.440,1.1,4.0,.284,2.2,3.6,.609,.514,0.5,0.5,.923,0.5,2.4,2.9,2.5,1.0,0.3,1.0,1.3,8.3,,huertke01
212,Olivier-Maxence Prosper,23,MEM,PF,53,24,18.6,3.6,6.6,.549,1.1,2.8,.405,2.5,3.8,.653,.634,1.6,2.2,.754,1.1,2.4,3.5,1.0,0.8,0.2,0.9,1.6,10.0,,prospol01
213,Harrison Barnes,33,SAS,PF,76,52,25.8,3.4,7.4,.456,1.8,4.6,.388,1.6,2.8,.569,.577,1.3,1.6,.829,0.8,2.0,2.8,1.9,0.6,0.2,0.8,1.1,9.9,,barneha02
214,Tristan Da Silva,24,ORL,SF,76,34,24.7,3.6,8.1,.450,1.6,4.2,.376,2.1,3.9,.529,.547,1.1,1.2,.882,0.8,2.9,3.7,1.6,0.9,0.3,0.9,1.5,9.9,,dasiltr01
215,Jordan Miller,26,LAC,SF,59,1,22.0,3.5,6.7,.529,0.6,1.8,.343,2.9,4.8,.600,.576,2.2,2.9,.771,0.8,2.2,3.0,2.2,0.8,0.2,1.0,1.0,9.9,,millejo02
216,Isaiah Stewart,24,DET,C,57,13,22.8,3.8,6.9,.545,0.7,2.1,.331,3.1,4.8,.636,.594,1.7,2.3,.760,1.6,3.4,5.0,1.2,0.3,1.6,1.1,2.9,9.9,,stewais01
217,Ausar Thompson,23,DET,SF,72,71,26.0,4.2,8.0,.524,0.1,0.3,.250,4.1,7.6,.536,.529,1.5,2.6,.571,2.1,3.7,5.7,3.1,2.0,0.9,1.5,2.7,9.9,,thompau01
218,Precious Achiuwa,26,SAC,C,72,56,23.8,4.3,8.0,.530,0.4,1.3,.287,3.9,6.7,.578,.554,1.0,1.8,.547,2.4,4.3,6.7,1.3,0.9,0.7,0.9,1.7,9.8,,achiupr01
219,Royce O'Neale,32,PHO,SF,78,67,28.4,3.4,8.0,.421,2.7,6.7,.408,0.7,1.3,.486,.590,0.3,0.5,.711,0.8,4.0,4.8,2.7,1.1,0.4,1.3,2.3,9.8,,onealro01
220,Zach Collins,28,CHI,C,10,0,18.4,3.7,6.4,.578,0.9,2.1,.429,2.8,4.3,.651,.648,1.4,2.0,.700,1.6,4.0,5.6,1.5,0.2,0.4,1.0,1.8,9.7,,colliza01
221,Lucas Williamson,27,MEM,SG,6,2,31.5,3.3,10.2,.328,2.0,7.2,.279,1.3,3.0,.444,.426,1.0,1.0,1.000,1.8,3.5,5.3,2.5,1.3,0.0,1.3,3.5,9.7,,willilu01
222,Micah Potter,27,IND,C,46,6,19.0,3.2,6.1,.518,1.5,3.4,.430,1.7,2.7,.631,.639,1.8,2.2,.842,1.2,3.6,4.8,1.5,0.4,0.3,0.9,1.7,9.6,,pottemi01
223,Daniel Gafford,27,DAL,C,55,44,21.7,3.8,5.7,.655,0.0,0.0,,3.8,5.7,.655,.655,2.0,2.9,.683,2.5,4.4,6.9,1.1,0.8,1.3,1.1,2.6,9.5,,gaffoda01
224,Jay Huff,27,IND,C,81,47,20.9,3.5,7.4,.476,1.4,4.5,.318,2.1,2.9,.723,.573,1.0,1.2,.823,0.9,3.1,4.0,1.5,0.5,1.8,0.9,2.3,9.5,,huffja01
225,Zaccharie Risacher,20,ATL,SF,66,45,22.4,3.6,8.0,.453,1.4,3.9,.369,2.2,4.1,.531,.542,0.9,1.4,.644,1.0,2.7,3.8,1.1,0.9,0.5,0.8,2.2,9.5,,risacza01
226,Javon Small,23,MEM,PG,40,12,20.1,3.2,6.7,.472,1.5,3.3,.439,1.7,3.4,.504,.580,1.7,2.0,.825,0.9,2.3,3.1,3.8,0.8,0.2,1.4,1.6,9.5,,smallja01
227,Aaron Wiggins,27,OKC,SG,64,20,21.7,3.6,8.3,.435,1.5,4.2,.356,2.1,4.1,.515,.525,0.8,1.1,.736,0.6,2.5,3.1,1.6,0.9,0.4,1.2,1.3,9.5,,wiggiaa01
228,Daniss Jenkins,24,DET,PG,71,19,20.2,3.3,7.9,.412,1.0,2.7,.376,2.2,5.2,.431,.477,1.9,2.3,.832,0.7,1.6,2.3,3.9,0.9,0.2,1.6,1.5,9.4,,jenkida01
229,T.J. McConnell,33,IND,PG,56,4,17.2,4.3,8.0,.538,0.3,0.9,.320,4.0,7.1,.565,.556,0.4,0.5,.862,0.4,1.8,2.2,5.1,1.0,0.2,1.1,1.1,9.4,,mccontj01
230,Svi Mykhailiuk,28,UTA,SF,50,41,23.1,3.5,7.2,.478,2.0,4.8,.408,1.5,2.4,.615,.613,0.5,0.6,.893,0.7,1.8,2.5,1.9,0.5,0.1,0.8,1.3,9.4,,mykhasv01
231,Marcus Smart,31,LAL,SG,61,53,28.6,3.1,7.7,.399,1.6,4.7,.333,1.5,3.0,.503,.501,1.7,2.1,.819,0.6,2.2,2.8,2.9,1.4,0.4,1.5,2.6,9.4,,smartma01
232,Davion Mitchell,27,MIA,PG,69,69,28.6,3.7,7.6,.486,1.3,3.3,.389,2.4,4.4,.558,.569,0.6,0.9,.646,0.5,2.2,2.7,6.6,1.0,0.2,1.6,2.6,9.3,,mitchda01
233,Isaac Okoro,25,CHI,SG,63,62,26.9,3.3,7.3,.460,1.2,3.5,.330,2.2,3.8,.580,.539,1.4,1.8,.795,1.1,1.7,2.7,1.6,0.7,0.5,0.7,2.6,9.3,,okorois01
234,Landry Shamet,28,NYK,SG,51,12,23.0,3.1,7.1,.437,2.0,5.2,.392,1.1,2.0,.554,.578,1.1,1.5,.711,0.5,1.4,1.8,1.4,0.6,0.2,0.6,1.5,9.3,,shamela01
235,Jaden Hardy,23,2TM,SG,56,4,15.8,3.2,7.6,.426,1.8,4.6,.395,1.4,2.9,.473,.546,1.0,1.3,.753,0.3,1.3,1.5,1.0,0.3,0.1,1.1,1.5,9.2,,hardyja02
235,Jaden Hardy,23,DAL,SG,34,4,12.6,2.3,5.7,.402,1.4,3.6,.371,0.9,2.1,.457,.521,0.9,1.2,.775,0.3,1.1,1.4,0.9,0.3,0.1,0.8,1.1,6.9,,hardyja02
235,Jaden Hardy,23,WAS,SG,22,0,20.6,4.6,10.4,.445,2.5,6.1,.418,2.1,4.3,.484,.568,1.1,1.5,.727,0.2,1.5,1.7,1.2,0.3,0.2,1.6,2.0,12.9,,hardyja02
236,Isaiah Hartenstein,27,OKC,C,47,46,24.2,3.9,6.3,.622,0.0,0.1,.000,3.9,6.1,.637,.622,1.4,2.2,.610,3.2,6.3,9.4,3.5,1.0,0.8,1.7,2.5,9.2,,harteis01
237,Sam Hauser,28,BOS,PF,78,49,24.8,3.2,7.7,.419,2.5,6.5,.393,0.7,1.2,.557,.584,0.2,0.3,.850,0.7,3.1,3.8,1.5,0.5,0.3,0.4,1.4,9.2,,hausesa01
238,Gui Santos,23,GSW,PF,67,30,20.6,3.4,6.8,.500,1.2,3.3,.351,2.2,3.5,.642,.586,1.3,1.8,.729,1.1,2.8,3.9,2.3,0.9,0.3,1.5,2.1,9.2,,santogu01
239,Cam Whitmore,21,WAS,SF,21,0,16.9,3.7,8.0,.456,0.8,2.7,.286,2.9,5.4,.540,.503,1.1,1.5,.742,0.9,1.9,2.8,0.7,0.7,0.4,0.9,1.2,9.2,,whitmca01
240,Corey Kispert,26,2TM,SF,57,9,18.4,3.1,6.7,.463,1.4,4.0,.360,1.7,2.7,.617,.571,1.3,1.6,.798,0.5,1.8,2.3,1.6,0.3,0.2,0.8,1.0,9.0,,kispeco01
240,Corey Kispert,26,WAS,SF,19,2,19.5,3.1,6.3,.496,1.6,4.0,.395,1.5,2.3,.674,.622,1.4,1.8,.765,0.3,2.0,2.3,1.7,0.4,0.2,0.7,1.1,9.2,,kispeco01
240,Corey Kispert,26,ATL,SF,38,7,17.9,3.1,6.9,.449,1.4,4.0,.342,1.7,2.9,.595,.548,1.3,1.6,.817,0.5,1.7,2.2,1.5,0.2,0.2,0.8,1.0,8.9,,kispeco01
241,Taurean Prince,31,MIL,SF,25,6,23.2,3.2,7.1,.458,2.3,5.2,.446,0.9,1.9,.489,.621,0.2,0.2,1.000,0.2,2.9,3.0,1.8,0.6,0.2,1.2,1.9,9.0,,princta02
242,Tristan Vukcevic,22,WAS,C,49,12,13.7,3.1,6.5,.479,1.0,2.9,.347,2.1,3.5,.590,.558,1.8,2.3,.784,0.7,2.3,3.0,1.1,0.5,0.7,1.3,1.7,9.0,,vukcetr01
243,Devin Carter,23,SAC,PG,37,11,18.0,3.2,7.5,.424,0.8,3.0,.270,2.4,4.5,.527,.478,1.8,2.4,.730,0.9,2.4,3.2,2.5,0.9,0.2,1.4,1.3,8.9,,cartede02
244,Quenton Jackson,27,IND,PG,48,18,18.1,3.1,6.5,.470,0.9,2.4,.360,2.2,4.1,.533,.535,1.9,2.4,.814,0.6,1.8,2.4,2.8,0.6,0.1,1.3,1.7,8.9,,jacksqu01
245,Herbert Jones,27,NOP,SF,56,56,28.4,3.3,8.5,.383,1.4,4.6,.309,1.8,3.9,.470,.467,0.9,1.1,.806,0.8,2.6,3.4,2.8,1.6,0.5,1.3,3.2,8.9,,joneshe01
246,Nolan Traoré,19,BRK,PG,56,31,22.2,3.3,8.6,.380,1.1,3.4,.318,2.2,5.1,.422,.444,1.3,1.7,.787,0.3,1.5,1.8,3.8,0.8,0.4,2.3,2.1,8.9,,traorno01
247,Danny Wolf,21,BRK,PF,57,15,20.8,3.1,7.7,.405,1.2,3.7,.322,1.9,4.0,.480,.482,1.5,1.9,.771,1.0,3.9,4.9,2.2,0.5,0.6,1.3,2.2,8.9,,wolfda01
248,Jordan Clarkson,33,NYK,SG,71,1,17.8,3.3,7.3,.453,1.0,3.0,.329,2.3,4.3,.539,.520,1.1,1.3,.830,0.9,0.9,1.7,1.4,0.4,0.1,0.9,1.7,8.7,,clarkjo01
249,Jordan Goodwin,27,PHO,PG,70,10,22.5,3.3,7.9,.413,1.6,4.3,.371,1.7,3.6,.462,.514,0.6,0.8,.696,2.0,2.9,4.9,2.2,1.5,0.2,1.0,1.9,8.7,,goodwjo01
250,Day'Ron Sharpe,24,BRK,C,62,7,18.7,3.5,5.7,.601,0.1,0.6,.231,3.3,5.1,.647,.614,1.7,2.5,.678,2.8,3.9,6.7,2.3,1.1,0.4,1.7,2.4,8.7,,sharpda01
251,Cody Williams,21,UTA,SG,66,40,24.1,3.5,7.5,.472,0.4,2.0,.217,3.1,5.5,.562,.500,1.2,1.7,.696,0.9,2.0,3.0,2.0,0.7,0.4,1.1,1.8,8.7,,willico04
252,Vít Krejčí,25,2TM,PG,64,8,21.7,3.0,6.7,.448,2.0,5.1,.391,1.0,1.5,.636,.599,0.6,0.8,.745,0.5,1.8,2.3,1.6,0.7,0.3,0.6,2.1,8.6,,krejcvi01
252,Vít Krejčí,25,ATL,PG,46,8,22.3,3.1,6.7,.464,2.2,5.2,.423,0.9,1.5,.609,.628,0.6,0.8,.750,0.4,1.7,2.1,1.5,0.8,0.3,0.7,2.3,9.0,,krejcvi01
252,Vít Krejčí,25,POR,PG,18,0,19.9,2.7,6.6,.407,1.5,4.9,.307,1.2,1.7,.700,.521,0.6,0.8,.733,0.7,2.2,2.8,1.8,0.6,0.3,0.6,1.6,7.4,,krejcvi01
253,Justin Champagnie,24,WAS,SF,68,18,19.8,3.3,6.6,.507,0.7,2.3,.321,2.6,4.3,.606,.563,1.2,1.5,.784,2.1,3.5,5.6,1.2,0.8,0.6,0.6,1.6,8.6,,champju01
254,Collin Murray-Boyles,20,TOR,PF,56,22,22.0,3.5,6.1,.579,0.3,0.9,.340,3.2,5.2,.620,.604,1.2,1.9,.651,2.4,2.7,5.1,1.9,0.9,0.9,1.1,2.5,8.6,,murraco01
255,Jonas Valančiūnas,33,DEN,C,64,6,13.3,3.4,5.8,.586,0.1,0.4,.333,3.3,5.5,.603,.596,1.6,2.1,.772,1.6,3.4,5.0,1.2,0.2,0.6,1.1,2.0,8.6,,valanjo01
256,Cason Wallace,22,OKC,SG,77,58,26.6,3.3,7.6,.432,1.3,3.7,.351,2.0,3.8,.510,.518,0.7,0.9,.809,0.8,2.3,3.1,2.6,1.9,0.4,0.9,2.0,8.6,,wallaca01
257,Jaden Ivey,23,2TM,SG,37,5,18.1,3.1,6.9,.445,1.4,3.6,.373,1.7,3.3,.525,.543,1.0,1.3,.809,0.6,1.8,2.5,1.8,0.6,0.4,1.1,1.4,8.5,,iveyja01
257,Jaden Ivey,23,DET,SG,33,2,16.8,3.0,6.7,.450,1.3,3.4,.372,1.7,3.2,.533,.545,0.9,1.2,.789,0.6,1.6,2.2,1.6,0.5,0.4,1.1,1.3,8.2,,iveyja01
257,Jaden Ivey,23,CHI,SG,4,3,28.8,3.8,9.0,.417,2.0,5.3,.381,1.8,3.8,.467,.528,2.0,2.3,.889,1.3,3.5,4.8,4.0,2.0,0.5,1.5,2.3,11.5,,iveyja01
258,Simone Fontecchio,30,MIA,SF,70,9,16.8,2.8,6.7,.412,1.8,4.7,.375,1.0,2.0,.497,.542,1.2,1.5,.843,0.8,2.2,3.0,1.4,0.5,0.1,0.7,1.5,8.5,,fontesi01
259,Bones Hyland,25,MIN,PG,71,3,16.6,3.0,6.6,.453,1.6,4.2,.388,1.4,2.4,.568,.577,0.9,1.2,.780,0.3,1.5,1.8,2.6,0.6,0.2,1.0,1.7,8.5,,hylanbo01
260,Brook Lopez,37,LAC,C,74,39,21.8,3.1,7.2,.429,1.5,4.2,.361,1.6,3.0,.525,.535,0.8,1.0,.757,0.6,3.0,3.6,1.3,0.6,1.2,0.8,2.0,8.5,,lopezbr01
261,Luke Kennard,29,2TM,SG,77,5,21.7,3.1,5.7,.532,1.5,3.2,.478,1.5,2.6,.599,.664,0.8,0.9,.925,0.4,1.9,2.4,2.2,0.7,0.1,0.8,1.3,8.4,,kennalu01
261,Luke Kennard,29,ATL,SG,46,0,20.5,2.8,5.2,.538,1.6,3.2,.497,1.2,2.0,.604,.692,0.7,0.8,.914,0.4,1.7,2.2,2.1,0.7,0.1,0.7,1.2,7.9,,kennalu01
261,Luke Kennard,29,LAL,SG,31,5,23.4,3.4,6.5,.525,1.4,3.1,.448,2.0,3.4,.594,.631,1.0,1.0,.938,0.4,2.3,2.7,2.5,0.7,0.1,0.9,1.5,9.2,,kennalu01
262,Kentavious Caldwell-Pope,32,MEM,SG,51,14,21.3,2.9,7.2,.410,1.1,3.4,.316,1.9,3.8,.495,.485,1.4,1.6,.913,0.4,2.1,2.5,2.7,0.8,0.2,1.2,1.1,8.4,,caldwke01
263,Nique Clifford,23,SAC,SG,74,27,24.9,3.2,7.9,.410,1.0,3.1,.335,2.2,4.8,.459,.476,0.9,1.3,.710,0.9,2.8,3.7,2.4,0.9,0.3,1.5,2.1,8.4,,cliffni01
264,Luguentz Dort,26,OKC,SF,68,68,26.9,2.9,7.6,.386,1.9,5.4,.343,1.1,2.2,.490,.508,0.6,0.9,.759,0.8,2.8,3.6,1.2,0.9,0.4,0.8,2.6,8.4,,dortlu01
265,Draymond Green,35,GSW,PF,68,68,27.5,3.0,7.2,.418,1.5,4.6,.326,1.5,2.7,.575,.520,0.9,1.2,.702,0.8,4.7,5.5,5.5,0.9,0.6,2.7,2.9,8.4,,greendr01
266,Jared McCain,21,2TM,SG,66,2,17.2,3.0,7.1,.428,1.5,3.8,.391,1.5,3.2,.472,.534,0.8,0.9,.877,0.3,1.7,2.0,1.3,0.5,0.1,0.8,1.2,8.3,,mccaija01
266,Jared McCain,21,PHI,SG,37,1,16.8,2.4,6.2,.385,1.2,3.2,.378,1.2,3.0,.393,.483,0.6,0.7,.880,0.2,1.9,2.0,1.7,0.6,0.1,0.8,1.2,6.6,,mccaija01
266,Jared McCain,21,OKC,SG,29,1,17.8,3.8,8.1,.470,1.9,4.6,.403,2.0,3.5,.559,.585,1.0,1.1,.875,0.6,1.4,2.0,0.9,0.4,0.1,0.9,1.3,10.5,,mccaija01
267,Ron Holland,20,DET,SF,77,5,19.9,3.0,7.0,.434,0.6,2.5,.253,2.4,4.5,.536,.480,1.6,1.9,.805,1.1,2.9,4.0,1.2,1.2,0.3,1.2,2.3,8.3,,hollaro01
268,Al Horford,39,GSW,C,44,12,21.6,3.1,7.3,.426,1.7,4.6,.363,1.4,2.7,.534,.541,0.5,0.6,.846,1.0,3.9,4.9,2.6,0.7,1.2,0.9,1.2,8.3,,horfoal01
269,Jake LaRavia,24,LAL,PF,81,43,25.1,3.0,6.4,.460,1.0,3.0,.322,2.0,3.4,.579,.535,1.4,1.9,.763,1.4,2.5,4.0,1.8,1.3,0.5,1.1,2.4,8.3,,laravja01
270,Kadary Richmond,24,WAS,SG,3,0,22.3,3.3,5.3,.625,0.7,1.3,.500,2.7,4.0,.667,.688,1.0,1.0,1.000,0.3,3.0,3.3,2.7,2.7,0.3,0.7,0.7,8.3,,richmka01
271,Malachi Smith,26,BRK,SG,14,3,23.1,3.2,6.4,.500,1.3,2.9,.450,1.9,3.6,.540,.600,0.6,0.6,1.000,0.8,2.5,3.3,3.1,0.9,0.3,0.9,0.7,8.3,,smithma02
272,Bradley Beal,32,LAC,SG,6,6,20.2,3.0,8.0,.375,1.2,3.2,.368,1.8,4.8,.379,.448,1.0,1.3,.750,0.3,0.5,0.8,1.7,0.5,0.0,1.5,2.3,8.2,,bealbr01
273,LJ Cryer,24,GSW,PG,18,1,16.2,2.6,6.5,.402,2.1,5.2,.394,0.6,1.3,.435,.560,0.9,1.1,.895,0.2,1.3,1.6,1.0,0.2,0.0,0.8,1.6,8.2,,cryerlj01
274,Bryce McGowens,23,NOP,SG,42,13,21.0,2.7,5.6,.481,0.9,2.2,.409,1.8,3.4,.528,.561,1.8,2.3,.779,0.3,1.8,2.1,1.5,0.6,0.2,0.4,2.1,8.1,,mcgowbr01
275,Gary Trent Jr.,27,MIL,SG,65,21,21.2,2.8,7.3,.387,1.9,5.3,.360,0.9,2.0,.458,.517,0.6,0.8,.769,0.1,0.9,1.0,1.2,0.5,0.0,0.6,1.3,8.1,,trentga02
276,DeJon Jarreau,28,MEM,SG,11,0,21.0,3.0,7.5,.398,0.4,2.7,.133,2.6,4.8,.547,.422,1.6,2.1,.783,1.1,3.5,4.6,3.3,0.9,0.7,2.4,2.5,8.0,,jarrede01
277,Tre Scott,29,BRK,PF,5,3,31.2,3.2,8.4,.381,0.8,2.8,.286,2.4,5.6,.429,.429,0.8,1.2,.667,1.8,3.8,5.6,1.8,1.4,1.0,0.4,2.0,8.0,,scotttr01
278,Moussa Diabaté,24,CHO,C,72,46,26.0,3.2,5.0,.631,0.0,0.0,.500,3.1,5.0,.631,.632,1.6,2.4,.659,3.7,5.0,8.7,1.9,0.8,1.0,1.0,2.4,7.9,,diabamo01
279,Nate Williams,26,GSW,SG,13,2,17.5,3.1,6.2,.494,0.9,2.1,.444,2.2,4.2,.519,.568,0.8,1.0,.846,1.4,0.8,2.2,1.0,0.4,0.0,1.2,1.9,7.9,,willije02
280,Walter Clayton,22,2TM,PG,69,6,20.4,2.6,6.7,.384,1.1,3.5,.307,1.5,3.1,.470,.465,1.6,1.8,.901,0.4,1.7,2.0,4.0,0.6,0.3,1.7,1.7,7.8,,claytwa01
280,Walter Clayton,22,UTA,PG,45,0,18.0,2.3,5.7,.398,1.0,3.2,.308,1.3,2.5,.513,.484,1.3,1.4,.935,0.3,1.6,2.0,3.2,0.5,0.3,1.3,1.7,6.8,,claytwa01
280,Walter Clayton,22,MEM,PG,24,6,25.0,3.1,8.5,.366,1.3,4.2,.307,1.8,4.3,.423,.441,2.1,2.5,.864,0.4,1.7,2.1,5.7,0.8,0.3,2.5,1.7,9.7,,claytwa01
281,Bruce Brown,29,DEN,SG,81,3,24.3,3.0,6.3,.469,0.7,1.8,.388,2.3,4.5,.501,.524,1.2,1.6,.762,1.0,2.8,3.9,2.1,1.0,0.2,1.1,2.4,7.8,,brownbr01
282,Sharife Cooper,24,WAS,PG,40,1,16.8,3.0,5.9,.504,0.7,1.8,.375,2.3,4.1,.561,.561,1.2,1.5,.828,0.4,1.7,2.1,3.0,0.4,0.1,1.5,1.5,7.8,,coopesh01
283,Luka Garza,27,BOS,C,68,5,15.9,2.9,5.0,.578,0.8,1.8,.430,2.1,3.2,.661,.655,1.3,1.7,.761,2.2,1.7,4.0,1.0,0.4,0.4,0.6,2.3,7.8,,garzalu01
284,Jalen Slawson,26,IND,SF,12,5,23.6,2.8,6.3,.440,1.3,3.3,.385,1.5,3.0,.500,.540,1.0,1.3,.800,0.6,4.0,4.6,2.7,1.3,1.1,1.4,2.0,7.8,,slawsja01
285,Dominick Barlow,22,PHI,PF,70,59,23.8,3.0,5.7,.537,0.3,1.2,.256,2.7,4.5,.610,.563,1.3,1.8,.717,1.9,2.9,4.8,1.2,0.9,0.8,0.8,2.1,7.7,,barlodo01
286,Chaney Johnson,23,BRK,SF,16,1,19.4,2.8,5.0,.563,0.6,1.7,.333,2.3,3.3,.679,.619,1.5,1.9,.800,1.8,2.4,4.1,2.1,0.9,0.6,1.2,3.0,7.7,,johnsch06
287,Bez Mbeng,22,UTA,SG,14,4,31.7,3.2,6.4,.500,0.4,1.9,.185,2.9,4.5,.635,.528,0.9,1.4,.650,1.3,2.5,3.8,3.8,2.1,0.4,1.3,3.1,7.7,,mbengbe01
288,Quinten Post,25,GSW,PF,67,35,17.3,2.9,6.6,.440,1.4,4.1,.336,1.5,2.4,.617,.546,0.5,0.6,.791,1.0,3.0,4.0,1.4,0.4,0.5,0.8,1.9,7.7,,postqu01
289,Leonard Miller,22,2TM,SF,45,11,15.2,3.0,5.6,.548,0.7,2.1,.326,2.4,3.4,.684,.610,0.9,1.2,.750,1.2,2.7,3.9,0.8,0.4,0.3,0.7,1.4,7.6,,millele01
289,Leonard Miller,22,MIN,SF,19,0,5.0,0.9,1.7,.545,0.1,0.6,.083,0.9,1.1,.810,.561,0.4,0.6,.636,0.4,0.9,1.3,0.3,0.2,0.0,0.5,0.6,2.3,,millele01
289,Leonard Miller,22,CHI,SF,26,11,22.7,4.6,8.3,.548,1.2,3.2,.361,3.4,5.2,.664,.618,1.2,1.6,.780,1.7,4.0,5.7,1.3,0.5,0.5,0.9,1.9,11.5,,millele01
290,Leaky Black,26,WAS,SF,14,9,30.3,2.9,7.1,.400,1.4,3.8,.358,1.5,3.4,.447,.495,0.5,0.6,.875,1.1,4.2,5.3,1.5,1.2,0.6,1.0,2.9,7.6,,blackle01
291,Gary Payton II,33,GSW,SG,72,1,15.7,3.3,5.7,.584,0.5,1.8,.294,2.8,4.0,.711,.628,0.4,0.6,.650,1.4,2.3,3.7,1.7,0.9,0.3,0.9,1.8,7.6,,paytoga02
292,Ousmane Dieng,22,2TM,C,56,19,18.9,2.9,6.9,.425,1.1,3.2,.352,1.8,3.7,.488,.506,0.5,0.8,.690,0.5,2.6,3.1,2.3,0.4,0.3,1.2,1.4,7.5,,diengou01
292,Ousmane Dieng,22,OKC,C,27,0,10.9,1.4,3.4,.418,0.7,1.8,.367,0.7,1.6,.476,.516,0.2,0.2,1.000,0.3,1.3,1.6,1.0,0.1,0.3,0.3,0.8,3.7,,diengou01
292,Ousmane Dieng,22,MIL,C,29,19,26.3,4.3,10.2,.427,1.6,4.5,.346,2.8,5.7,.491,.503,0.8,1.2,.639,0.7,3.8,4.5,3.4,0.8,0.3,2.1,1.9,11.0,,diengou01
293,Vince Williams Jr.,25,2TM,SG,40,12,20.5,2.6,7.3,.353,1.4,4.4,.311,1.2,2.9,.417,.447,1.0,1.3,.780,1.0,2.9,3.9,4.2,0.7,0.4,1.8,2.0,7.5,,willivi01
293,Vince Williams Jr.,25,MEM,PG,34,12,21.6,2.7,7.8,.352,1.4,4.7,.308,1.3,3.1,.419,.445,1.1,1.4,.804,1.0,3.0,4.0,4.4,0.8,0.4,1.9,2.1,8.0,,willivi01
293,Vince Williams Jr.,25,UTA,SG,6,0,14.0,1.7,4.7,.357,1.0,3.0,.333,0.7,1.7,.400,.464,0.3,0.7,.500,0.8,2.3,3.2,2.7,0.3,0.3,1.2,1.5,4.7,,willivi01
294,Jaxson Hayes,25,LAL,C,66,9,18.3,3.0,4.0,.756,0.0,0.0,1.000,3.0,3.9,.753,.761,1.5,2.3,.653,1.5,2.6,4.1,0.9,0.4,0.8,0.5,1.9,7.5,,hayesja02
295,Ryan Kalkbrenner,24,CHO,C,68,31,21.5,3.2,4.2,.749,0.0,0.1,.000,3.2,4.1,.762,.749,1.2,1.7,.713,2.4,3.0,5.5,0.8,0.5,1.5,0.9,1.6,7.5,,kalkbry01
296,Paul Reed,26,DET,C,64,10,13.7,3.1,5.1,.604,0.2,0.6,.325,2.9,4.5,.642,.623,1.1,1.7,.651,2.0,2.5,4.5,1.2,0.8,0.9,0.9,1.9,7.5,,reedpa01
297,Ja'Kobe Walter,21,TOR,SG,71,19,20.4,2.5,5.6,.444,1.5,3.7,.405,1.0,1.9,.519,.578,1.0,1.2,.784,0.8,1.8,2.6,1.2,1.0,0.2,0.5,2.3,7.5,,walteja01
298,Josh Minott,23,2TM,PF,49,11,17.0,2.6,5.1,.500,1.3,3.1,.418,1.3,2.0,.626,.627,1.0,1.2,.787,1.0,2.2,3.2,0.9,0.9,0.5,0.9,1.5,7.4,,minotjo01
298,Josh Minott,23,BOS,PF,33,10,15.9,2.1,4.1,.507,1.0,2.3,.442,1.1,1.8,.593,.632,0.6,0.8,.769,1.2,2.4,3.6,1.0,0.7,0.4,0.6,1.5,5.8,,minotjo01
298,Josh Minott,23,BRK,SF,16,1,19.3,3.6,7.3,.491,1.9,4.8,.395,1.7,2.5,.675,.621,1.8,2.2,.800,0.5,2.0,2.5,0.8,1.3,0.8,1.4,1.4,10.8,,minotjo01
299,Taylor Hendricks,22,2TM,PF,59,17,18.9,2.8,6.0,.459,1.1,3.1,.342,1.7,2.9,.585,.548,0.8,1.2,.681,1.1,2.6,3.7,0.9,0.8,0.5,0.8,1.7,7.4,,hendrta01
299,Taylor Hendricks,22,UTA,PF,33,6,14.9,1.8,3.9,.453,0.7,2.1,.343,1.0,1.8,.586,.547,0.7,1.0,.719,0.9,2.1,3.0,0.7,0.4,0.2,0.6,1.2,4.9,,hendrta01
299,Taylor Hendricks,22,MEM,PF,26,11,24.1,4.0,8.7,.463,1.5,4.4,.342,2.5,4.3,.584,.548,1.0,1.5,.650,1.4,3.3,4.7,1.2,1.4,0.8,1.2,2.3,10.6,,hendrta01
300,Caris LeVert,31,DET,SG,59,0,19.3,2.7,6.6,.418,1.0,3.0,.330,1.7,3.5,.493,.494,0.9,1.4,.675,0.4,1.6,2.0,2.7,0.9,0.7,1.4,1.5,7.4,,leverca01
301,Cameron Payne,31,PHI,PG,22,1,17.0,2.5,6.8,.376,1.5,4.4,.330,1.1,2.4,.462,.483,0.9,1.0,.864,0.1,1.9,2.0,2.6,1.1,0.3,0.5,1.4,7.4,,payneca01
302,Ben Saraf,19,BRK,SG,43,10,20.7,2.7,6.8,.389,0.4,2.1,.213,2.2,4.7,.466,.422,1.6,2.0,.833,0.4,1.7,2.1,3.3,0.8,0.2,2.2,1.7,7.4,,sarafbe01
303,Jose Alvarado,27,2TM,PG,68,2,19.6,2.7,6.4,.418,1.4,4.1,.349,1.2,2.3,.542,.530,0.5,0.7,.761,0.4,2.1,2.4,3.3,0.9,0.1,1.1,1.9,7.3,,alvarjo01
303,Jose Alvarado,27,NOP,PG,41,0,21.9,2.9,6.8,.418,1.7,4.7,.363,1.1,2.1,.540,.543,0.5,0.6,.833,0.4,2.4,2.8,3.1,0.9,0.1,1.1,2.0,7.9,,alvarjo01
303,Jose Alvarado,27,NYK,PG,27,2,16.3,2.4,5.7,.418,1.0,3.1,.318,1.4,2.5,.544,.507,0.6,0.8,.682,0.3,1.6,1.9,3.7,1.0,0.1,1.1,1.7,6.3,,alvarjo01
304,Kris Dunn,31,LAC,PG,81,67,27.3,2.8,5.8,.477,1.0,2.6,.379,1.8,3.2,.556,.561,0.8,1.0,.765,0.7,2.6,3.3,3.6,1.6,0.2,1.3,2.3,7.3,,dunnkr01
305,Tyson Etienne,26,BRK,PG,23,2,14.9,2.3,5.6,.403,1.8,4.3,.418,0.5,1.3,.355,.562,1.0,1.2,.857,0.2,0.9,1.1,1.6,0.4,0.0,0.7,2.0,7.3,,etienty01
306,Nikola Jović,22,MIA,PF,47,1,17.2,2.4,6.7,.366,1.0,3.6,.269,1.5,3.1,.476,.438,1.5,2.1,.683,0.5,2.7,3.3,2.2,0.6,0.4,1.4,1.4,7.3,,jovicni01
307,John Poulakidas,22,DAL,SG,12,0,18.1,2.5,6.1,.411,1.9,5.1,.377,0.6,1.0,.583,.568,0.3,0.3,1.000,0.3,2.0,2.3,0.6,0.5,0.3,0.3,2.1,7.3,,poulajo01
308,Buddy Hield,33,2TM,SG,50,3,16.0,2.6,6.2,.424,1.3,4.0,.333,1.3,2.2,.593,.532,0.6,0.7,.811,0.5,1.7,2.3,1.4,0.8,0.2,0.9,1.1,7.2,,hieldbu01
308,Buddy Hield,33,GSW,SG,44,3,17.5,3.0,6.8,.433,1.5,4.4,.344,1.4,2.4,.600,.545,0.6,0.8,.794,0.6,1.9,2.5,1.5,0.8,0.2,1.0,1.3,8.0,,hieldbu01
308,Buddy Hield,33,ATL,SG,6,0,5.0,0.2,1.5,.111,0.0,1.0,.000,0.2,0.5,.333,.111,0.5,0.5,1.000,0.2,0.7,0.8,0.3,0.2,0.0,0.8,0.2,0.8,,hieldbu01
309,Seth Curry,35,GSW,SG,9,0,13.4,2.4,4.7,.524,1.1,2.3,.476,1.3,2.3,.571,.643,1.2,1.3,.917,0.4,0.8,1.2,0.9,0.3,0.0,0.2,0.8,7.2,,curryse01
310,Terance Mann,29,BRK,SG,63,51,24.3,2.7,5.8,.457,0.9,2.4,.364,1.8,3.4,.523,.533,1.0,1.3,.788,1.1,2.1,3.2,3.0,0.7,0.2,1.1,2.5,7.2,,mannte01
311,Kobe Sanders,23,LAC,SG,67,16,19.8,2.6,5.6,.466,1.2,2.9,.407,1.4,2.7,.527,.570,0.8,1.0,.815,0.4,1.8,2.2,1.6,0.7,0.1,1.2,2.1,7.2,,sandeko01
312,Pat Spencer,29,GSW,PG,65,14,18.6,2.8,6.6,.428,0.9,2.5,.358,1.9,4.0,.471,.496,0.7,0.9,.772,0.8,1.6,2.4,3.5,0.7,0.1,1.3,1.1,7.2,,spencpa01
313,Jaylin Williams,23,OKC,PF,65,11,19.6,2.3,5.4,.423,1.5,3.9,.383,0.8,1.5,.531,.563,1.1,1.4,.793,0.5,5.0,5.5,2.4,0.5,0.6,1.0,2.0,7.2,,willija07
314,MarJon Beauchamp,25,PHI,SF,13,1,14.9,2.5,5.7,.432,1.2,3.5,.348,1.2,2.2,.571,.541,0.9,1.3,.706,0.5,1.9,2.4,1.2,0.7,0.3,1.0,1.0,7.1,,beaucma01
315,Ben Sheppard,24,IND,SG,65,20,21.4,2.6,6.0,.434,1.3,3.6,.362,1.3,2.4,.542,.543,0.6,0.8,.765,0.7,2.3,3.0,1.8,0.6,0.1,0.6,1.8,7.1,,sheppbe01
316,Bogdan Bogdanović,33,LAC,SG,22,3,19.6,2.4,6.5,.371,1.3,4.0,.322,1.1,2.5,.446,.469,0.9,1.1,.800,0.3,2.3,2.5,2.3,0.5,0.0,1.2,2.0,7.0,,bogdabo01
317,Javonte Green,32,DET,SG,81,6,17.7,2.3,5.1,.445,1.1,3.0,.377,1.1,2.1,.545,.557,1.3,1.5,.840,0.8,2.0,2.8,0.7,1.2,0.3,0.6,1.3,7.0,,greenja02
318,Lawson Lovering,22,MEM,C,2,1,24.5,3.0,5.0,.600,0.0,0.0,,3.0,5.0,.600,.600,1.0,2.5,.400,3.0,4.5,7.5,1.5,1.5,0.5,1.0,3.5,7.0,,loverla01
319,Oscar Tshiebwe,26,UTA,C,26,5,16.0,3.1,4.9,.625,0.0,0.0,,3.1,4.9,.625,.625,0.8,1.6,.537,2.6,3.6,6.2,1.1,0.6,0.2,0.7,1.5,7.0,,tshieos01
320,Jamir Watkins,24,WAS,SG,49,6,20.4,2.6,5.8,.442,0.9,3.0,.282,1.7,2.7,.619,.516,1.1,1.6,.684,1.0,2.9,3.9,1.3,1.1,0.5,0.8,2.6,7.0,,watkija01
321,Grant Williams,27,CHO,PF,35,3,19.7,2.1,5.1,.419,1.4,3.7,.382,0.7,1.4,.521,.559,1.3,1.5,.815,1.3,2.6,3.9,1.5,0.5,0.5,0.9,1.6,7.0,,willigr01
322,Julian Strawther,23,DEN,SG,56,13,14.8,2.5,5.4,.467,1.0,2.5,.380,1.5,2.8,.544,.557,1.0,1.2,.818,0.2,1.7,1.9,1.0,0.4,0.1,0.6,1.3,6.9,,strawju01
323,Moritz Wagner,28,ORL,C,36,0,11.9,2.3,5.4,.426,0.6,1.9,.314,1.7,3.5,.488,.482,1.6,2.0,.819,0.8,2.4,3.2,0.8,0.4,0.1,0.5,1.6,6.9,,wagnemo01
324,Patrick Williams,24,CHI,PF,71,5,20.3,2.4,6.5,.374,1.3,3.7,.351,1.1,2.8,.404,.474,0.7,1.0,.716,0.7,2.3,3.0,1.4,0.6,0.4,1.0,1.3,6.9,,willipa01
325,Elijah Harkless,25,UTA,SG,26,9,21.0,2.1,6.2,.335,0.8,3.4,.239,1.3,2.8,.452,.401,1.9,2.5,.766,0.4,1.7,2.0,2.9,1.2,0.2,1.0,2.0,6.8,,harklej01
326,Keon Ellis,26,2TM,SG,72,11,20.5,2.3,5.3,.440,1.3,3.5,.363,1.1,1.8,.586,.559,0.7,1.0,.729,0.5,1.3,1.9,1.0,1.2,0.6,0.6,1.9,6.7,,elliske01
326,Keon Ellis,26,SAC,SG,43,5,17.6,1.9,4.9,.397,1.2,3.3,.368,0.7,1.5,.462,.524,0.5,0.7,.625,0.3,0.9,1.3,0.6,1.1,0.5,0.5,1.6,5.6,,elliske01
326,Keon Ellis,26,CLE,SG,29,6,24.8,3.0,6.0,.491,1.3,3.7,.355,1.7,2.3,.706,.600,1.1,1.3,.816,0.8,2.0,2.8,1.6,1.3,0.8,0.7,2.2,8.3,,elliske01
327,Isaiah Jackson,24,2TM,C,55,14,16.5,2.7,4.3,.637,0.0,0.1,.000,2.7,4.3,.645,.637,1.2,1.9,.648,2.1,3.2,5.3,0.9,0.7,0.9,1.1,2.7,6.7,,jacksis01
327,Isaiah Jackson,24,IND,C,38,14,16.8,2.5,4.3,.582,0.0,0.0,.000,2.5,4.3,.585,.582,1.3,1.9,.689,2.3,3.3,5.6,0.8,0.7,0.8,1.1,2.8,6.4,,jacksis01
327,Isaiah Jackson,24,LAC,C,17,0,15.9,3.2,4.2,.764,0.0,0.1,.000,3.2,4.1,.786,.764,1.0,1.8,.548,1.6,3.1,4.6,1.2,0.6,1.2,0.9,2.3,7.5,,jacksis01
328,Cole Anthony,25,MIL,PG,35,0,15.1,2.8,6.6,.424,0.6,2.1,.306,2.2,4.5,.478,.472,0.5,0.7,.615,0.5,2.0,2.5,3.5,0.6,0.3,1.9,2.1,6.7,,anthoco01
329,Kevin Love,37,UTA,PF,37,5,16.6,2.1,5.4,.397,1.4,3.8,.373,0.7,1.5,.456,.530,1.0,1.2,.841,1.5,4.3,5.8,1.8,0.4,0.2,0.8,1.5,6.7,,loveke01
330,Jamal Shead,23,TOR,PG,81,12,22.6,2.2,6.1,.365,1.0,3.2,.323,1.2,2.9,.412,.450,1.1,1.4,.784,0.3,1.4,1.8,5.4,0.9,0.2,1.4,2.0,6.7,,sheadja01
331,Robert Williams,28,POR,C,58,1,17.0,3.0,4.2,.707,0.2,0.4,.391,2.8,3.8,.740,.726,0.6,1.0,.596,2.4,4.6,7.0,1.0,0.6,1.5,0.8,1.2,6.7,,williro04
332,Ethan Thompson,26,IND,SG,31,12,19.8,2.2,5.9,.379,1.1,3.5,.324,1.1,2.4,.459,.475,1.0,1.3,.780,0.5,1.6,2.1,1.6,0.6,0.3,0.7,2.2,6.6,,thompet01
333,Trendon Watford,25,PHI,PF,52,7,16.5,2.6,5.1,.513,0.2,1.0,.200,2.4,4.2,.585,.532,1.2,1.5,.779,0.7,2.6,3.4,2.5,0.3,0.4,1.2,2.0,6.6,,watfotr01
334,Jevon Carter,30,2TM,PG,52,1,16.4,2.3,5.8,.401,1.5,4.1,.363,0.9,1.8,.489,.528,0.3,0.4,.789,0.3,1.4,1.7,1.7,0.8,0.2,0.7,1.1,6.5,,carteje01
334,Jevon Carter,30,CHI,PG,23,0,11.0,1.8,4.5,.398,1.4,3.4,.410,0.4,1.1,.360,.553,0.4,0.4,1.000,0.2,0.9,1.1,0.8,0.6,0.1,0.5,0.8,5.4,,carteje01
334,Jevon Carter,30,ORL,PG,29,1,20.7,2.8,6.9,.403,1.6,4.6,.336,1.2,2.3,.537,.515,0.2,0.3,.556,0.3,1.8,2.1,2.3,0.9,0.3,0.8,1.3,7.3,,carteje01
335,Oso Ighodaro,23,PHO,PF,81,23,22.2,2.9,4.5,.656,0.0,0.0,.000,2.9,4.5,.657,.656,0.7,1.4,.453,1.7,3.4,5.1,2.2,0.9,0.7,1.2,2.7,6.5,,ighodos01
336,Luke Kornet,30,SAS,C,68,25,21.0,2.6,4.0,.643,0.0,0.0,,2.6,4.0,.643,.643,1.4,1.7,.825,2.7,3.4,6.1,1.9,0.5,1.0,0.4,1.8,6.5,,kornelu01
337,Ryan Nembhard,22,DAL,PG,59,26,19.2,2.6,6.4,.412,0.8,2.3,.353,1.8,4.2,.443,.474,0.4,0.5,.793,0.2,1.9,2.1,5.0,0.4,0.0,1.4,1.4,6.5,,nembhry01
338,Drake Powell,20,BRK,SG,62,23,20.9,2.3,5.6,.405,0.8,2.9,.287,1.5,2.7,.529,.478,1.1,1.2,.893,0.3,1.4,1.8,1.5,0.6,0.2,0.9,1.4,6.5,,poweldr01
339,Will Richard,23,GSW,SG,68,21,19.9,2.4,5.0,.472,1.0,3.1,.340,1.3,2.0,.679,.576,0.7,0.8,.852,1.0,1.5,2.5,1.4,1.2,0.1,0.8,1.9,6.5,,richawi02
340,Tyrese Martin,26,2TM,SG,45,6,17.2,2.4,6.2,.394,1.2,3.7,.321,1.2,2.5,.500,.489,0.4,0.6,.679,0.8,1.8,2.6,1.7,0.6,0.1,0.9,0.7,6.4,,martity01
340,Tyrese Martin,26,BRK,SG,37,6,18.8,2.7,6.9,.392,1.4,4.1,.336,1.3,2.8,.476,.492,0.5,0.7,.731,0.9,2.0,2.9,1.9,0.6,0.1,0.9,0.8,7.3,,martity01
340,Tyrese Martin,26,PHI,SG,8,0,9.9,1.1,2.8,.409,0.3,1.6,.154,0.9,1.1,.778,.455,0.0,0.3,.000,0.3,1.0,1.3,1.1,0.4,0.3,0.9,0.4,2.5,,martity01
341,Kenrich Williams,31,OKC,PF,55,2,14.9,2.5,5.2,.475,0.9,2.2,.390,1.6,2.9,.540,.560,0.6,0.9,.640,1.0,2.2,3.2,1.3,0.6,0.1,0.8,1.0,6.4,,willike04
342,Andre Drummond,32,PHI,C,62,25,19.5,2.5,5.3,.471,0.5,1.4,.345,2.0,3.9,.517,.517,0.9,1.4,.631,3.1,5.3,8.4,1.2,0.6,0.8,1.0,2.0,6.3,,drumman01
343,David Roddy,24,DEN,PF,4,0,10.0,2.3,4.3,.529,0.8,2.5,.300,1.5,1.8,.857,.618,1.0,1.0,1.000,0.3,1.5,1.8,0.5,0.8,0.3,0.5,1.0,6.3,,roddyda01
344,Jalen Wilson,25,BRK,PF,53,2,15.7,2.0,5.1,.398,1.0,2.9,.355,1.0,2.2,.453,.498,1.2,1.7,.733,0.3,1.7,2.0,0.9,0.4,0.0,0.7,1.5,6.3,,wilsoja03
345,Kyle Anderson,32,3TM,SF,43,5,19.8,2.5,4.7,.530,0.1,0.3,.364,2.4,4.4,.539,.540,1.1,1.6,.706,1.0,2.5,3.5,2.9,1.0,0.6,0.9,2.2,6.2,,anderky01
345,Kyle Anderson,32,UTA,SF,20,0,20.1,2.9,5.5,.523,0.2,0.3,.600,2.7,5.2,.519,.537,1.3,1.9,.658,1.0,2.4,3.3,3.1,1.2,0.5,0.9,2.3,7.1,,anderky01
345,Kyle Anderson,32,MEM,SF,4,3,22.3,3.8,4.8,.789,0.3,0.3,1.000,3.5,4.5,.778,.816,1.5,2.0,.750,0.8,2.8,3.5,0.8,1.5,1.0,1.8,3.0,9.3,,anderky01
345,Kyle Anderson,32,MIN,SF,19,2,19.1,1.8,3.9,.473,0.0,0.3,.000,1.8,3.6,.507,.473,0.9,1.2,.773,1.1,2.6,3.7,3.3,0.8,0.6,0.8,2.0,4.6,,anderky01
346,Thomas Bryant,28,CLE,C,60,1,12.2,2.3,4.5,.506,0.8,2.2,.359,1.5,2.3,.647,.594,0.9,1.1,.803,1.0,2.4,3.4,0.6,0.3,0.4,0.5,1.3,6.2,,bryanth01
347,Alex Caruso,31,OKC,SG,56,0,18.2,2.3,5.4,.423,0.9,3.2,.293,1.3,2.1,.622,.512,0.7,0.9,.804,0.5,2.3,2.8,2.0,1.3,0.3,0.9,1.2,6.2,,carusal01
348,Kasparas Jakučionis,19,MIA,PG,52,12,17.8,1.9,4.5,.421,1.2,3.0,.416,0.7,1.6,.432,.557,1.1,1.3,.879,0.8,1.8,2.6,2.5,0.6,0.1,0.9,1.9,6.2,,jakucka01
349,Tidjane Salaün,20,CHO,PF,36,0,15.9,2.2,4.4,.506,1.0,2.3,.434,1.2,2.1,.587,.620,0.7,1.1,.650,0.7,3.4,4.1,0.8,0.4,0.2,0.7,1.5,6.2,,salauti01
350,Rob Dillingham,21,2TM,PG,64,0,14.7,2.4,6.2,.386,0.6,2.0,.320,1.7,4.2,.417,.438,0.6,0.8,.765,0.3,1.7,2.0,2.2,0.7,0.1,1.5,1.8,6.0,,dilliro01
350,Rob Dillingham,21,MIN,PG,35,0,9.3,1.3,4.0,.333,0.3,0.9,.364,1.0,3.1,.324,.376,0.4,0.6,.750,0.1,1.0,1.2,1.7,0.5,0.1,1.0,1.0,3.5,,dilliro01
350,Rob Dillingham,21,CHI,PG,29,0,21.2,3.6,8.7,.415,1.0,3.3,.305,2.6,5.4,.481,.472,0.8,1.1,.774,0.5,2.4,2.9,2.8,0.9,0.1,2.0,2.6,9.1,,dilliro01
351,Gradey Dick,22,TOR,SG,75,1,14.2,2.1,5.1,.421,0.7,2.5,.301,1.4,2.6,.536,.495,1.0,1.2,.874,0.6,1.4,2.0,0.7,0.6,0.1,0.6,1.3,6.0,,dickgr01
352,Jahmai Mashack,23,MEM,SG,30,6,21.2,2.4,6.1,.399,0.6,2.2,.258,1.9,3.9,.479,.445,0.6,1.1,.529,0.8,1.9,2.7,1.9,1.2,0.4,1.5,2.0,6.0,,mashaja01
353,Nick Smith Jr.,21,LAL,SG,29,1,12.3,2.2,5.2,.433,1.1,2.8,.400,1.1,2.4,.471,.540,0.4,0.5,.733,0.1,0.7,0.8,1.0,0.3,0.1,0.7,1.0,6.0,,smithni01
354,Goga Bitadze,26,ORL,C,63,3,15.2,2.4,3.5,.673,0.0,0.2,.182,2.3,3.4,.698,.677,1.1,1.5,.716,2.1,2.8,5.0,1.3,0.6,1.0,0.7,2.1,5.9,,bitadgo01
355,Justin Edwards,22,PHI,SF,63,12,15.2,2.2,4.9,.446,1.0,2.7,.360,1.2,2.1,.556,.547,0.5,0.6,.846,0.4,1.1,1.5,1.2,0.8,0.2,0.6,1.4,5.9,,edwarju01
356,Nick Richards,28,2TM,C,48,6,14.6,2.1,4.2,.512,0.1,0.4,.278,2.0,3.8,.536,.525,1.4,2.1,.644,1.6,3.5,5.1,0.3,0.2,0.7,1.2,1.8,5.8,,richani01
356,Nick Richards,28,PHO,C,28,2,9.1,1.3,2.5,.493,0.0,0.0,,1.3,2.5,.493,.493,0.7,1.0,.679,1.3,2.0,3.3,0.3,0.1,0.5,0.9,1.4,3.2,,richani01
356,Nick Richards,28,CHI,C,20,4,22.4,3.4,6.5,.523,0.3,0.9,.278,3.2,5.6,.563,.542,2.3,3.7,.630,2.1,5.5,7.6,0.4,0.3,0.9,1.7,2.5,9.4,,richani01
357,Steven Adams,32,HOU,C,32,11,22.8,2.2,4.3,.504,0.0,0.0,,2.2,4.3,.504,.504,1.5,2.5,.580,4.5,4.1,8.6,1.5,0.7,0.6,1.1,1.7,5.8,,adamsst01
358,Kris Murray,25,POR,SF,56,15,23.3,2.3,4.9,.463,0.6,2.1,.267,1.7,2.7,.618,.522,0.7,1.0,.691,1.6,2.0,3.6,1.4,0.9,0.4,0.8,1.6,5.8,,murrakr01
359,Matisse Thybulle,28,POR,SG,29,0,16.3,1.9,4.5,.431,1.2,3.1,.400,0.7,1.4,.500,.569,0.7,0.9,.840,0.6,1.4,2.0,0.9,2.1,0.6,1.0,1.4,5.8,,thybuma01
360,Dean Wade,29,CLE,PF,59,38,22.3,2.1,4.7,.439,1.2,3.3,.362,0.9,1.4,.622,.567,0.5,0.6,.711,0.9,3.3,4.2,1.5,0.7,0.4,0.3,1.5,5.8,,wadede01
361,Anthony Gill,33,WAS,PF,54,7,17.1,2.4,3.9,.620,0.3,0.8,.333,2.1,3.0,.699,.656,0.6,0.9,.739,1.1,1.8,2.8,1.3,0.6,0.4,0.6,1.6,5.7,,gillan01
362,Karlo Matković,24,NOP,PF,62,2,14.7,2.3,3.8,.604,0.6,1.5,.422,1.7,2.3,.717,.685,0.5,0.7,.732,1.2,2.5,3.7,0.8,0.4,0.9,0.5,1.7,5.7,,matkoka01
363,Yves Missi,21,NOP,C,66,14,19.7,2.4,4.5,.544,0.0,0.0,.000,2.4,4.4,.546,.544,0.9,1.5,.559,2.8,3.1,5.8,1.3,0.3,1.5,0.8,1.7,5.7,,missiyv01
364,Mitchell Robinson,27,NYK,C,60,16,19.6,2.5,3.4,.723,0.0,0.0,,2.5,3.4,.723,.723,0.7,1.7,.408,4.2,4.6,8.8,0.9,0.9,1.2,0.7,2.1,5.7,,robinmi01
365,Guerschon Yabusele,30,2TM,C,67,19,15.0,1.9,4.7,.401,1.0,2.9,.352,0.8,1.7,.483,.511,0.8,1.1,.750,0.8,2.7,3.5,0.9,0.4,0.2,0.6,1.2,5.6,,yabusgu01
365,Guerschon Yabusele,30,NYK,C,41,0,8.9,1.0,2.6,.393,0.5,1.7,.294,0.5,1.0,.564,.486,0.2,0.3,.667,0.6,1.5,2.1,0.4,0.1,0.1,0.4,0.9,2.7,,yabusgu01
365,Guerschon Yabusele,30,CHI,C,26,19,24.7,3.2,7.9,.405,1.9,4.9,.383,1.3,3.0,.442,.524,1.8,2.3,.767,1.2,4.4,5.7,1.7,0.8,0.4,1.0,1.7,10.0,,yabusgu01
366,Kobe Brown,26,2TM,PF,60,9,15.5,2.0,4.3,.465,0.8,2.2,.364,1.2,2.1,.571,.558,0.8,0.9,.804,1.1,1.9,3.0,1.3,0.4,0.2,0.9,1.1,5.6,,brownko01
366,Kobe Brown,26,LAC,PF,34,0,8.7,1.0,2.5,.393,0.4,1.4,.265,0.6,1.0,.571,.470,0.6,0.8,.808,0.5,1.0,1.6,0.8,0.3,0.1,0.4,0.5,2.9,,brownko01
366,Kobe Brown,26,IND,PF,26,9,24.3,3.3,6.7,.500,1.3,3.2,.422,2.0,3.5,.571,.601,0.9,1.2,.800,1.8,3.0,4.8,2.0,0.5,0.4,1.4,2.0,9.0,,brownko01
367,Ryan Dunn,23,PHO,SF,69,15,19.3,2.3,5.1,.444,0.8,2.4,.325,1.5,2.7,.551,.521,0.3,0.6,.477,1.4,2.7,4.1,1.4,0.9,0.4,0.8,1.9,5.6,,dunnry01
368,Tre Mann,24,CHO,PG,52,1,12.8,2.1,5.8,.361,1.0,3.0,.323,1.1,2.8,.401,.444,0.4,0.5,.852,0.4,1.4,1.8,1.7,0.5,0.1,1.0,1.3,5.6,,manntr01
369,Doug McDermott,34,SAC,SF,28,0,14.8,1.9,4.8,.388,1.6,4.3,.387,0.2,0.5,.400,.560,0.3,0.3,1.000,0.3,1.0,1.2,0.8,0.2,0.1,0.5,0.9,5.6,,mcderdo01
370,Dru Smith,28,MIA,SG,70,1,16.3,1.9,4.6,.415,0.5,1.8,.295,1.4,2.8,.495,.474,1.2,1.5,.829,0.9,1.6,2.5,2.6,1.4,0.3,0.8,1.6,5.6,,smithdr01
371,Jamal Cain,26,ORL,SF,39,1,12.1,1.9,3.9,.490,0.7,1.8,.389,1.2,2.0,.582,.583,0.9,1.1,.841,0.7,1.3,1.9,0.7,0.3,0.1,0.5,1.3,5.5,,cainja01
372,Eric Gordon,37,PHI,SG,6,0,12.3,2.0,3.5,.571,1.3,2.3,.571,0.7,1.2,.571,.762,0.2,0.3,.500,0.2,0.2,0.3,0.5,0.7,0.2,0.5,0.5,5.5,,gordoer01
373,Haywood Highsmith,29,PHO,SF,6,0,13.3,1.7,3.3,.500,1.3,2.2,.615,0.3,1.2,.286,.700,0.8,1.0,.833,1.0,1.2,2.2,1.2,0.7,0.0,0.0,1.3,5.5,,highsha01
374,Jett Howard,22,ORL,SF,55,0,12.6,1.9,4.6,.418,1.0,2.6,.372,0.9,1.9,.481,.526,0.7,0.7,.949,0.4,1.2,1.6,0.8,0.2,0.2,0.3,1.2,5.5,,howarje01
375,Spencer Jones,24,DEN,SF,64,37,22.1,2.1,4.1,.504,0.9,2.3,.396,1.2,1.8,.636,.613,0.5,0.8,.608,1.2,2.1,3.3,0.8,0.8,0.5,0.5,2.7,5.5,,jonessp01
376,Nae'Qwan Tomlin,25,CLE,PF,63,2,15.3,2.2,4.7,.473,0.4,1.7,.215,1.9,3.0,.618,.512,0.7,0.9,.754,1.3,1.6,2.8,0.8,0.7,0.5,0.4,2.0,5.5,,tomlina01
377,Mac McClung,27,2TM,SG,10,0,11.7,1.9,5.2,.365,0.5,2.6,.192,1.4,2.6,.538,.413,1.1,1.4,.786,0.2,0.8,1.0,1.0,1.0,0.3,0.9,1.6,5.4,,mccluma01
377,Mac McClung,27,IND,SG,3,0,11.3,2.3,6.0,.389,0.7,3.3,.200,1.7,2.7,.625,.444,1.0,1.3,.750,0.0,1.3,1.3,0.3,1.7,0.3,0.7,2.0,6.3,,mccluma01
377,Mac McClung,27,CHI,SG,7,0,11.9,1.7,4.9,.353,0.4,2.3,.188,1.3,2.6,.500,.397,1.1,1.4,.800,0.3,0.6,0.9,1.3,0.7,0.3,1.0,1.4,5.0,,mccluma01
378,Dylan Cardwell,24,SAC,C,43,1,20.6,2.4,4.0,.593,0.0,0.1,.667,2.3,3.9,.592,.599,0.6,1.2,.510,3.3,4.2,7.5,1.4,0.7,1.5,0.9,3.6,5.4,,cardwdy01
379,Killian Hayes,24,SAC,PG,22,3,17.3,1.8,5.9,.300,0.7,2.8,.258,1.0,3.1,.338,.362,1.1,1.2,.923,0.2,2.2,2.4,3.5,0.9,0.2,1.2,1.5,5.4,,hayeski01
380,Aaron Holiday,29,HOU,PG,56,1,13.6,1.8,4.4,.415,1.2,3.0,.392,0.7,1.5,.463,.546,0.6,0.7,.872,0.2,0.8,1.0,1.0,0.4,0.1,0.7,1.3,5.4,,holidaa01
381,Pete Nance,25,MIL,PF,47,6,15.7,2.1,4.1,.515,1.1,2.5,.420,1.1,1.6,.667,.644,0.1,0.2,.364,0.6,2.1,2.7,1.0,0.3,0.3,0.6,1.3,5.4,,nancepe01
382,Branden Carlson,26,OKC,C,41,3,10.9,2.1,4.0,.530,0.6,1.9,.342,1.5,2.2,.689,.608,0.3,0.6,.583,0.7,2.1,2.8,0.7,0.1,0.5,0.4,0.9,5.3,,carlsbr01
383,Sion James,23,CHO,SG,81,19,22.5,1.7,4.5,.369,1.0,2.9,.351,0.7,1.7,.400,.480,1.0,1.2,.837,0.6,2.9,3.5,2.0,0.6,0.2,0.8,1.8,5.3,,jamessi01
384,Jordan Walsh,21,BOS,PF,67,24,17.6,2.0,3.9,.519,0.7,1.8,.395,1.3,2.1,.626,.610,0.6,0.8,.755,1.3,2.7,3.9,0.8,0.7,0.4,0.5,2.0,5.3,,walshjo01
385,Jamaree Bouyea,26,PHO,PG,45,0,13.4,2.1,4.7,.451,0.4,1.6,.286,1.7,3.2,.531,.498,0.5,0.7,.727,0.4,1.3,1.7,1.6,0.6,0.3,0.6,0.8,5.2,,bouyeja01
386,Sidy Cissoko,21,POR,SF,74,26,19.4,1.8,4.5,.398,0.8,2.7,.298,1.0,1.8,.544,.487,0.8,1.2,.659,0.8,1.4,2.2,1.5,0.7,0.3,0.9,2.5,5.2,,cissosi01
387,Drew Eubanks,28,SAC,C,42,11,13.1,2.2,3.7,.596,0.0,0.2,.143,2.2,3.5,.617,.599,0.8,1.4,.561,0.9,2.1,3.0,0.5,0.4,0.6,0.7,1.4,5.2,,eubandr01
388,Andersson Garcia,25,UTA,SF,5,2,33.8,1.8,5.8,.310,0.2,2.6,.077,1.6,3.2,.500,.328,1.4,1.8,.778,3.4,5.0,8.4,2.8,1.6,0.8,1.4,3.2,5.2,,garcian01
389,E.J. Liddell,25,BRK,PF,25,4,12.9,2.0,4.0,.485,0.6,1.9,.319,1.4,2.2,.630,.559,0.7,0.9,.773,0.5,2.1,2.6,0.9,0.2,0.4,0.6,1.6,5.2,,liddeej01
390,Garrison Mathews,29,IND,SG,15,1,13.1,1.4,3.5,.404,1.1,3.1,.370,0.3,0.4,.667,.567,1.3,1.5,.826,0.1,1.0,1.1,0.7,0.4,0.2,0.2,1.3,5.2,,mathega01
391,Marcus Sasser,25,DET,PG,37,5,12.1,1.8,4.7,.393,1.2,2.8,.417,0.7,1.9,.357,.517,0.4,0.5,.833,0.2,0.9,1.1,2.0,0.5,0.1,0.8,1.1,5.2,,sassema01
392,Baylor Scheierman,25,BOS,SG,76,19,18.3,1.9,4.1,.457,1.2,3.0,.397,0.7,1.1,.619,.602,0.3,0.3,.870,0.8,2.7,3.4,1.4,0.5,0.1,0.6,1.4,5.2,,scheiba01
393,Ochai Agbaji,25,2TM,SG,62,13,15.7,2.0,4.5,.436,0.5,2.1,.266,1.4,2.5,.579,.496,0.6,0.7,.837,0.7,1.5,2.3,0.8,0.4,0.3,0.5,1.5,5.1,,agbajoc01
393,Ochai Agbaji,25,TOR,SG,42,13,15.5,1.7,4.0,.424,0.3,1.5,.185,1.4,2.5,.571,.459,0.6,0.7,.862,0.8,1.5,2.3,0.7,0.4,0.3,0.5,1.8,4.3,,agbajoc01
393,Ochai Agbaji,25,BRK,SG,20,0,16.2,2.5,5.5,.455,1.1,3.2,.349,1.4,2.4,.596,.555,0.6,0.7,.786,0.7,1.7,2.3,0.9,0.4,0.3,0.6,0.9,6.7,,agbajoc01
394,Johnny Furphy,21,IND,SG,35,21,18.4,2.0,4.3,.470,0.7,2.0,.324,1.3,2.2,.603,.547,0.5,1.0,.486,0.9,3.5,4.4,1.2,0.6,0.2,0.8,1.9,5.1,,furphjo01
395,Jalen Pickett,26,DEN,SG,49,18,15.9,1.9,4.5,.429,1.0,2.5,.393,0.9,2.0,.474,.539,0.3,0.3,.867,0.4,1.9,2.3,2.2,0.3,0.1,0.7,0.9,5.1,,pickeja02
396,Tyrese Proctor,21,CLE,PG,49,1,10.4,1.7,4.3,.402,0.9,2.5,.341,0.9,1.8,.488,.502,0.8,0.9,.889,0.2,0.9,1.1,1.3,0.5,0.0,0.7,1.2,5.1,,proctty01
397,Terrence Shannon Jr.,25,MIN,SG,42,1,12.0,1.7,3.6,.464,0.7,1.6,.449,1.0,2.0,.476,.565,1.0,1.2,.808,0.2,0.9,1.1,0.8,0.3,0.0,0.5,1.1,5.1,,shannte01
398,Charles Bassey,25,4TM,C,12,0,11.3,2.2,3.4,.634,0.0,0.0,,2.2,3.4,.634,.634,0.7,1.0,.667,1.8,2.8,4.5,0.4,0.3,0.9,0.4,1.3,5.0,,bassech01
398,Charles Bassey,25,MEM,C,2,0,15.5,1.5,4.0,.375,0.0,0.0,,1.5,4.0,.375,.375,0.5,1.5,.333,3.5,4.0,7.5,1.0,0.5,0.5,0.5,2.5,3.5,,bassech01
398,Charles Bassey,25,PHI,C,1,0,5.0,1.0,1.0,1.000,0.0,0.0,,1.0,1.0,1.000,1.000,0.0,0.0,,0.0,0.0,0.0,0.0,0.0,1.0,0.0,0.0,2.0,,bassech01
398,Charles Bassey,25,BOS,C,5,0,3.4,1.2,1.4,.857,0.0,0.0,,1.2,1.4,.857,.857,0.4,0.8,.500,0.8,0.4,1.2,0.0,0.2,0.4,0.2,0.6,2.8,,bassech01
398,Charles Bassey,25,GSW,C,4,0,20.5,4.0,6.3,.640,0.0,0.0,,4.0,6.3,.640,.640,1.3,1.3,1.000,2.5,5.8,8.3,0.8,0.5,1.8,0.8,1.8,9.3,,bassech01
399,Mouhamadou Gueye,27,CHI,PF,1,0,17.0,2.0,3.0,.667,1.0,2.0,.500,1.0,1.0,1.000,.833,0.0,0.0,,0.0,3.0,3.0,2.0,0.0,0.0,1.0,2.0,5.0,,gueyemo01
400,Rayan Rupert,21,2TM,SG,63,7,16.4,1.8,4.7,.386,0.7,2.1,.321,1.2,2.7,.437,.456,0.6,0.8,.765,0.7,2.1,2.8,1.0,0.8,0.1,0.8,1.9,4.9,,ruperra01
400,Rayan Rupert,21,POR,SG,48,0,12.0,1.1,3.1,.361,0.5,1.5,.310,0.6,1.6,.408,.435,0.2,0.3,.643,0.5,1.3,1.8,0.7,0.6,0.0,0.6,1.3,2.9,,ruperra01
400,Rayan Rupert,21,MEM,SG,15,7,30.3,4.1,10.1,.411,1.3,4.0,.333,2.8,6.1,.462,.477,2.0,2.5,.811,1.5,4.5,6.0,1.9,1.6,0.4,1.4,4.0,11.6,,ruperra01
401,Adem Bona,22,PHI,C,70,17,17.4,1.8,3.1,.594,0.0,0.1,.333,1.8,3.0,.602,.599,1.1,1.6,.708,1.8,2.5,4.4,0.5,0.4,1.2,0.8,2.2,4.9,,bonaad01
402,Jordan Hawkins,23,NOP,SG,50,0,13.2,1.8,4.8,.377,0.9,2.6,.351,0.9,2.2,.407,.473,0.4,0.5,.826,0.4,1.3,1.7,0.8,0.2,0.2,0.7,0.5,4.9,,hawkijo01
403,Asa Newell,20,ATL,PF,43,1,10.7,2.0,3.6,.538,0.7,1.7,.389,1.3,2.0,.667,.628,0.3,0.6,.560,0.9,1.0,2.0,0.6,0.4,0.3,0.5,1.5,4.9,,newelas01
404,Blake Wesley,22,POR,SG,30,0,12.0,1.9,4.1,.452,0.3,1.2,.278,1.5,2.9,.523,.492,0.9,1.6,.553,0.3,1.0,1.3,2.1,0.5,0.2,1.0,1.1,4.9,,weslebl01
405,Jericho Sims,27,MIL,C,66,18,19.5,2.1,2.7,.784,0.0,0.0,,2.1,2.7,.784,.784,0.7,1.1,.614,2.2,3.3,5.5,1.5,0.3,0.3,1.1,2.2,4.8,,simsje01
406,KJ Simpson,23,2TM,PG,20,2,12.9,1.7,5.0,.343,0.6,2.0,.300,1.1,3.0,.373,.404,0.6,0.9,.611,0.5,1.4,1.9,2.2,0.8,0.0,1.3,0.9,4.6,,simpskj01
406,KJ Simpson,23,CHO,PG,14,2,15.9,2.2,6.4,.348,0.9,2.8,.308,1.4,3.6,.380,.416,0.7,1.1,.625,0.4,1.7,2.1,2.5,1.1,0.0,1.7,1.0,6.0,,simpskj01
406,KJ Simpson,23,DEN,PG,6,0,5.7,0.5,1.7,.300,0.0,0.2,.000,0.5,1.5,.333,.300,0.2,0.3,.500,0.7,0.7,1.3,1.3,0.2,0.0,0.2,0.7,1.2,,simpskj01
407,Lonzo Ball,28,CLE,PG,35,3,20.8,1.5,5.0,.301,1.1,4.2,.272,0.4,0.8,.448,.415,0.4,0.6,.667,0.7,3.3,4.0,3.9,1.3,0.3,1.5,1.3,4.6,,balllo01
408,Malaki Branham,22,WAS,SG,28,0,9.8,1.5,3.3,.473,0.5,1.3,.378,1.0,1.9,.537,.549,1.0,1.2,.824,0.4,1.1,1.6,0.8,0.4,0.1,0.5,0.8,4.6,,branhma01
409,Jeremiah Robinson-Earl,25,2TM,PF,22,3,16.4,1.7,4.5,.370,0.5,1.9,.244,1.2,2.7,.458,.420,0.8,0.8,.944,1.6,3.0,4.7,0.7,0.4,0.0,0.5,1.2,4.6,,robinje02
409,Jeremiah Robinson-Earl,25,IND,PF,17,3,17.6,1.7,4.9,.349,0.5,1.9,.242,1.2,2.9,.420,.398,0.8,0.8,.929,1.9,3.3,5.2,0.7,0.4,0.1,0.6,1.4,4.6,,robinje02
409,Jeremiah Robinson-Earl,25,DAL,PF,5,0,12.2,1.6,3.4,.471,0.4,1.6,.250,1.2,1.8,.667,.529,0.8,0.8,1.000,0.8,2.2,3.0,0.6,0.4,0.0,0.4,0.6,4.4,,robinje02
410,PJ Hall,23,2TM,C,19,2,11.3,1.6,3.1,.508,0.2,0.3,.600,1.4,2.8,.500,.534,1.2,1.5,.793,1.7,2.2,3.9,0.5,0.2,0.5,0.8,1.2,4.5,,hallpj01
410,PJ Hall,23,MEM,C,7,0,3.9,0.7,1.3,.556,0.1,0.4,.333,0.6,0.9,.667,.611,0.3,0.4,.667,0.4,0.9,1.3,0.3,0.0,0.3,0.1,0.4,1.9,,hallpj01
410,PJ Hall,23,CHO,C,12,2,15.6,2.1,4.2,.500,0.2,0.2,1.000,1.9,4.0,.479,.520,1.8,2.2,.808,2.5,3.0,5.5,0.7,0.3,0.7,1.3,1.6,6.1,,hallpj01
411,Mike Conley,38,MIN,PG,54,15,18.4,1.3,4.0,.335,1.0,3.1,.337,0.3,0.9,.327,.465,0.8,0.9,.900,0.3,1.4,1.7,2.9,0.6,0.3,0.6,1.6,4.5,,conlemi01
412,Josh Okogie,27,HOU,SG,77,31,17.3,1.6,3.7,.431,0.8,2.1,.386,0.8,1.7,.485,.536,0.5,0.9,.594,1.0,1.5,2.5,0.9,0.8,0.2,0.5,1.4,4.5,,okogijo01
413,Taelon Peter,23,IND,SG,37,0,12.9,1.6,4.1,.388,1.1,3.3,.331,0.5,0.8,.613,.520,0.3,0.4,.625,0.3,1.3,1.5,1.1,0.7,0.1,0.7,1.0,4.5,,peterta01
414,Craig Porter Jr.,25,CLE,PG,63,2,17.8,1.8,4.0,.447,0.5,1.5,.348,1.3,2.6,.503,.510,0.4,0.6,.600,1.3,2.1,3.4,3.2,0.9,0.6,0.9,1.1,4.5,,portecr01
415,John Konchar,29,2TM,SG,55,8,19.8,1.7,3.5,.477,0.5,1.8,.289,1.2,1.7,.667,.549,0.6,0.8,.727,1.3,2.9,4.2,2.1,1.5,0.7,0.6,1.4,4.4,,konchjo01
415,John Konchar,29,MEM,SG,30,1,14.5,1.2,2.4,.521,0.4,1.3,.333,0.8,1.1,.750,.613,0.3,0.4,.615,0.7,2.4,3.1,1.3,1.0,0.4,0.5,1.0,3.2,,konchjo01
415,John Konchar,29,UTA,SG,25,7,26.1,2.2,4.9,.451,0.6,2.3,.259,1.6,2.6,.625,.512,1.0,1.2,.774,2.1,3.6,5.6,3.0,2.0,0.9,0.8,1.9,6.0,,konchjo01
416,Gabe Vincent,29,2TM,PG,53,7,16.6,1.4,4.1,.352,1.1,3.3,.341,0.3,0.8,.395,.488,0.4,0.4,.870,0.3,0.7,1.0,1.4,0.5,0.1,0.5,1.5,4.4,,vincega01
416,Gabe Vincent,29,LAL,PG,29,7,19.3,1.6,4.5,.346,1.3,3.6,.369,0.2,0.9,.259,.492,0.3,0.4,.909,0.2,0.7,0.9,1.3,0.5,0.0,0.4,1.8,4.8,,vincega01
416,Gabe Vincent,29,ATL,PG,24,0,13.3,1.3,3.6,.360,0.9,2.9,.300,0.4,0.7,.625,.483,0.4,0.5,.833,0.4,0.7,1.1,1.6,0.5,0.1,0.6,1.1,3.9,,vincega01
417,Mouhamed Gueye,23,ATL,PF,77,8,15.3,1.7,3.8,.452,0.5,1.7,.308,1.2,2.1,.569,.521,0.5,0.8,.645,1.2,2.4,3.6,0.9,0.8,0.5,0.4,1.6,4.4,,gueyemo02
418,DeAndre Jordan,37,NOP,C,12,7,16.6,1.8,2.7,.656,0.0,0.0,,1.8,2.7,.656,.656,0.9,1.4,.647,2.2,4.2,6.3,0.9,0.3,0.8,0.8,1.3,4.4,,jordade01
419,Tyler Kolek,24,NYK,PG,62,1,11.7,1.7,4.0,.435,0.7,1.8,.386,1.0,2.2,.478,.524,0.2,0.3,.700,0.3,1.3,1.6,2.7,0.4,0.1,0.9,1.0,4.4,,kolekty01
420,Liam McNeeley,20,CHO,SF,30,0,12.1,1.3,3.1,.404,0.8,2.0,.400,0.5,1.1,.412,.532,1.1,1.3,.821,0.4,2.0,2.4,0.8,0.2,0.1,0.4,1.2,4.4,,mcneeli01
421,Jase Richardson,20,ORL,SG,54,0,10.9,1.6,3.5,.473,0.5,1.5,.354,1.1,2.0,.560,.548,0.6,0.9,.717,0.4,0.8,1.2,1.1,0.4,0.0,0.5,1.0,4.4,,richaja02
422,Jarred Vanderbilt,26,LAL,PF,64,3,17.4,1.7,3.7,.472,0.5,1.5,.299,1.3,2.2,.594,.534,0.5,0.9,.589,1.3,3.3,4.5,1.3,0.8,0.3,0.9,1.6,4.4,,vandeja01
423,Josh Green,25,CHO,SG,57,0,15.8,1.4,3.1,.458,1.0,2.4,.419,0.4,0.8,.581,.617,0.4,0.5,.893,0.8,1.0,1.8,0.8,0.6,0.1,0.6,1.1,4.3,,greenjo02
424,Kam Jones,23,IND,SG,36,7,16.6,1.8,4.5,.401,0.6,2.0,.282,1.3,2.5,.495,.463,0.1,0.2,.500,0.4,1.3,1.6,3.2,0.5,0.0,1.0,1.1,4.3,,joneska03
425,Yanic Konan Niederhäuser,22,LAC,C,41,0,10.3,1.6,2.4,.640,0.0,0.1,.200,1.5,2.3,.663,.645,1.1,1.5,.758,0.9,2.0,2.9,0.3,0.1,0.7,0.6,1.6,4.3,,konanya01
426,Skal Labissière,29,WAS,PF,3,0,12.7,2.0,3.3,.600,0.3,1.7,.200,1.7,1.7,1.000,.650,0.0,0.0,,1.0,2.0,3.0,1.0,0.7,0.3,0.3,1.0,4.3,,labissk01
427,Dereck Lively II,21,DAL,C,7,4,16.4,1.6,2.6,.611,0.0,0.0,,1.6,2.6,.611,.611,1.1,1.4,.800,2.0,3.3,5.3,1.9,0.6,1.6,1.4,3.0,4.3,,livelde01
428,Grant Nelson,23,BRK,PF,4,0,8.8,1.3,2.3,.556,0.0,0.0,,1.3,2.3,.556,.556,1.8,2.5,.700,0.3,1.3,1.5,1.3,0.3,1.3,1.0,1.5,4.3,,nelsogr02
429,Jabari Walker,23,PHI,PF,63,6,12.0,1.5,3.3,.450,0.5,1.5,.330,1.0,1.9,.547,.524,0.8,1.0,.750,1.1,1.9,3.0,0.5,0.4,0.2,0.4,1.6,4.3,,walkeja01
430,Carter Bryant,20,SAS,PF,70,0,11.3,1.5,3.6,.405,0.7,2.1,.345,0.7,1.5,.490,.506,0.4,0.6,.732,0.5,2.0,2.5,0.6,0.2,0.3,0.5,1.3,4.1,,bryanca01
431,Moussa Cisse,23,DAL,C,37,1,13.2,1.6,2.7,.600,0.0,0.0,,1.6,2.7,.600,.600,0.9,2.0,.440,2.1,3.2,5.3,0.2,0.5,1.2,0.7,1.9,4.1,,cissemo01
432,Rasheer Fleming,21,PHO,PF,54,0,11.8,1.5,3.7,.401,0.8,2.3,.333,0.7,1.5,.506,.502,0.4,0.6,.559,1.1,1.1,2.2,0.3,0.4,0.4,0.5,1.1,4.1,,flemira01
433,RayJ Dennis,24,3TM,PG,16,0,11.3,1.4,4.6,.301,0.8,2.4,.308,0.6,2.1,.294,.384,0.5,0.6,.889,0.5,0.9,1.4,1.9,0.3,0.3,0.9,1.1,4.0,,dennira01
433,RayJ Dennis,24,IND,PG,13,0,12.9,1.7,5.5,.306,0.9,2.9,.316,0.8,2.6,.294,.389,0.6,0.7,.889,0.6,1.0,1.6,2.0,0.2,0.3,1.1,1.2,4.9,,dennira01
433,RayJ Dennis,24,LAC,PG,1,0,4.0,0.0,0.0,,0.0,0.0,,0.0,0.0,,,0.0,0.0,,0.0,2.0,2.0,0.0,0.0,0.0,1.0,0.0,0.0,,dennira01
433,RayJ Dennis,24,ATL,PG,2,0,4.0,0.0,0.5,.000,0.0,0.5,.000,0.0,0.0,,.000,0.0,0.0,,0.0,0.0,0.0,2.0,0.5,0.0,0.0,0.5,0.0,,dennira01
434,Tony Bradley,28,2TM,C,40,3,10.7,1.6,2.8,.559,0.1,0.1,.667,1.5,2.7,.556,.568,0.8,1.1,.744,1.4,1.4,2.8,0.5,0.2,0.2,0.5,1.6,4.0,,bradlto01
434,Tony Bradley,28,IND,C,38,3,10.9,1.6,2.8,.557,0.0,0.1,.500,1.5,2.7,.558,.561,0.8,1.1,.744,1.5,1.3,2.8,0.5,0.2,0.2,0.4,1.6,4.0,,bradlto01
434,Tony Bradley,28,ATL,C,2,0,6.5,1.5,2.5,.600,0.5,0.5,1.000,1.0,2.0,.500,.700,0.0,0.0,,0.5,1.5,2.0,0.0,0.0,0.0,0.5,1.0,3.5,,bradlto01
435,Jaylen Clark,24,MIN,SG,67,0,12.8,1.4,3.3,.438,0.5,1.4,.330,1.0,1.9,.520,.509,0.7,1.0,.657,0.8,1.0,1.7,0.6,0.7,0.1,0.3,1.3,4.0,,clarkja02
436,Brandon Clarke,29,MEM,PF,2,2,10.0,1.5,4.5,.333,0.0,0.0,,1.5,4.5,.333,.333,1.0,2.0,.500,2.0,1.0,3.0,0.5,1.0,0.0,0.0,2.5,4.0,,clarkbr01
437,Keshad Johnson,24,MIA,SF,31,0,8.2,1.5,3.1,.469,0.4,1.4,.310,1.0,1.7,.593,.536,0.7,0.9,.724,0.7,1.2,1.9,0.2,0.4,0.3,0.4,0.8,4.0,,johnske10
438,Dalton Knecht,24,LAL,SF,53,1,10.2,1.5,3.4,.445,0.6,2.0,.314,0.9,1.5,.623,.536,0.3,0.4,.727,0.3,1.1,1.4,0.3,0.2,0.2,0.4,0.8,4.0,,knechda01
439,A.J. Lawson,25,TOR,SG,23,0,9.3,1.3,3.1,.417,0.7,1.8,.415,0.6,1.3,.419,.535,0.6,0.8,.778,0.4,1.5,1.9,0.3,0.5,0.2,0.3,1.1,4.0,,lawsoaj01
440,Micah Peavy,24,NOP,SG,60,3,14.5,1.7,4.4,.380,0.4,1.7,.250,1.2,2.7,.465,.430,0.3,0.4,.714,0.7,1.2,1.9,1.0,0.7,0.1,0.3,1.5,4.0,,peavymi01
441,Payton Sandfort,23,OKC,SF,3,0,11.7,1.3,4.3,.308,0.7,2.7,.250,0.7,1.7,.400,.385,0.7,1.3,.500,0.0,2.0,2.0,0.0,0.0,0.0,0.3,2.3,4.0,,sandfpa01
442,Trey Alexander,22,NOP,SG,8,0,9.9,1.5,3.3,.462,0.6,1.0,.625,0.9,2.3,.389,.558,0.3,0.3,1.000,0.0,1.3,1.3,1.0,0.4,0.1,0.3,1.3,3.9,,alexatr01
443,Nicolas Batum,37,LAC,PF,73,6,17.4,1.3,3.2,.399,1.2,3.1,.399,0.1,0.1,.400,.590,0.1,0.2,.818,0.3,2.2,2.5,0.8,0.6,0.3,0.5,1.3,3.9,,batumni01
444,Hugo González,19,BOS,SF,74,3,14.6,1.6,3.3,.476,0.6,1.6,.362,1.0,1.8,.577,.561,0.2,0.4,.500,0.8,2.5,3.3,0.5,0.6,0.3,0.5,1.7,3.9,,gonzahu01
445,DaRon Holmes,23,DEN,PF,24,6,8.5,1.3,2.5,.517,0.8,1.8,.455,0.5,0.7,.688,.683,0.5,0.5,.846,0.3,1.1,1.4,0.7,0.0,0.2,0.5,0.8,3.9,,holmeda01
446,Caleb Martin,30,DAL,SF,58,12,14.8,1.5,3.3,.450,0.3,1.0,.351,1.1,2.3,.492,.503,0.6,1.1,.607,0.5,2.0,2.5,1.4,0.7,0.3,0.7,1.5,3.9,,martica02
447,Noah Penda,21,ORL,SF,59,2,12.8,1.4,3.4,.404,0.5,1.6,.323,0.9,1.9,.473,.478,0.6,0.8,.688,1.1,2.0,3.2,1.2,0.5,0.3,0.7,1.2,3.8,,pendano01
448,Nikola Topić,20,OKC,PG,9,1,13.4,1.6,3.9,.400,0.4,1.1,.400,1.1,2.8,.400,.457,0.2,0.2,1.000,0.7,1.0,1.7,3.3,0.6,0.0,2.2,1.1,3.8,,topicni01
449,Omer Yurtseven,27,GSW,C,9,0,11.6,1.2,2.9,.423,0.0,0.4,.000,1.2,2.4,.500,.423,1.3,2.0,.667,1.4,1.9,3.3,0.9,0.2,0.1,1.0,1.7,3.8,,yurtsom01
450,Patrick Baldwin Jr.,23,3TM,SF,9,1,11.3,1.2,3.0,.407,0.7,1.6,.429,0.6,1.4,.385,.519,0.6,0.8,.714,1.3,1.2,2.6,0.6,0.3,0.6,0.6,1.7,3.7,,baldwpa01
450,Patrick Baldwin Jr.,23,LAC,SF,2,0,6.0,1.5,2.0,.750,1.0,1.5,.667,0.5,0.5,1.000,1.000,1.0,1.0,1.000,0.0,0.5,0.5,0.0,0.0,0.0,0.5,1.0,5.0,,baldwpa01
450,Patrick Baldwin Jr.,23,PHI,SF,1,0,2.0,0.0,0.0,,0.0,0.0,,0.0,0.0,,,0.0,0.0,,0.0,1.0,1.0,0.0,0.0,0.0,0.0,0.0,0.0,,baldwpa01
450,Patrick Baldwin Jr.,23,SAC,SF,6,1,14.7,1.3,3.8,.348,0.7,1.8,.364,0.7,2.0,.333,.435,0.5,0.8,.600,2.0,1.5,3.5,0.8,0.5,0.8,0.7,2.2,3.8,,baldwpa01
451,Dalen Terry,23,2TM,SG,47,0,11.6,1.4,3.3,.435,0.5,1.4,.364,0.9,1.9,.489,.513,0.3,0.6,.552,0.5,1.3,1.8,1.4,0.6,0.3,0.6,1.0,3.7,,terryda01
451,Dalen Terry,23,CHI,SG,34,0,11.1,1.3,3.0,.441,0.6,1.4,.413,0.8,1.6,.464,.534,0.3,0.5,.529,0.6,1.3,1.9,1.3,0.6,0.3,0.6,1.0,3.5,,terryda01
451,Dalen Terry,23,PHI,SG,13,0,13.0,1.7,4.0,.423,0.4,1.5,.250,1.3,2.5,.531,.471,0.5,0.9,.583,0.5,1.1,1.5,1.8,0.5,0.3,0.4,1.2,4.3,,terryda01
452,Myron Gardner,24,MIA,SF,44,7,9.2,1.3,2.8,.479,0.6,1.5,.406,0.7,1.3,.561,.587,0.4,0.6,.731,0.9,1.9,2.7,0.9,0.5,0.2,0.4,1.8,3.7,,gardnmy01
453,Larry Nance Jr.,33,CLE,PF,34,2,12.6,1.4,3.5,.407,0.6,1.8,.333,0.8,1.7,.483,.492,0.1,0.3,.455,0.8,1.7,2.6,0.9,0.6,0.1,0.6,1.6,3.6,,nancela02
454,Zeke Nnaji,25,DEN,PF,51,3,11.9,1.3,2.8,.469,0.3,1.0,.269,1.1,1.8,.581,.517,0.7,0.9,.773,0.6,2.0,2.6,0.5,0.3,0.5,0.5,1.3,3.6,,nnajize01
455,Tolu Smith,25,DET,PF,14,0,9.4,1.2,2.4,.500,0.0,0.0,,1.2,2.4,.500,.500,1.2,1.9,.654,1.4,1.9,3.3,0.9,0.1,0.4,0.5,1.6,3.6,,smithto05
456,Clint Capela,31,HOU,C,74,2,12.2,1.5,2.9,.505,0.0,0.0,,1.5,2.9,.505,.505,0.6,1.0,.577,2.1,2.4,4.5,0.7,0.5,0.8,0.6,1.0,3.5,,capelca01
457,Mohamed Diawara,20,NYK,SF,68,6,8.8,1.3,3.0,.431,0.7,1.8,.384,0.6,1.2,.506,.549,0.3,0.3,.739,0.2,1.1,1.3,0.7,0.2,0.1,0.4,0.7,3.5,,diawamo01
458,Trayce Jackson-Davis,25,2TM,C,52,1,9.4,1.3,2.3,.570,0.0,0.0,1.000,1.3,2.3,.567,.574,0.7,1.4,.514,1.3,1.5,2.7,0.8,0.3,0.4,0.4,0.8,3.4,,jackstr02
458,Trayce Jackson-Davis,25,GSW,C,36,1,11.4,1.7,2.8,.588,0.0,0.0,1.000,1.6,2.8,.584,.593,0.8,1.4,.558,1.3,1.8,3.1,0.9,0.4,0.5,0.5,1.1,4.2,,jackstr02
458,Trayce Jackson-Davis,25,TOR,C,16,0,5.0,0.6,1.2,.474,0.0,0.0,,0.6,1.2,.474,.474,0.6,1.4,.409,1.1,0.7,1.8,0.4,0.3,0.3,0.3,0.3,1.7,,jackstr02
459,Jeremy Sochan,22,2TM,PF,43,0,10.4,1.4,2.8,.500,0.2,0.9,.231,1.2,1.9,.630,.538,0.4,0.6,.708,0.8,1.6,2.3,0.8,0.4,0.2,0.5,1.3,3.4,,sochaje01
459,Jeremy Sochan,22,SAS,PF,28,0,12.8,1.7,3.5,.475,0.3,1.3,.257,1.4,2.3,.594,.520,0.4,0.6,.688,0.9,1.7,2.6,1.0,0.4,0.2,0.6,1.8,4.1,,sochaje01
459,Jeremy Sochan,22,NYK,PF,15,0,6.1,0.9,1.4,.619,0.0,0.3,.000,0.9,1.1,.765,.619,0.4,0.5,.750,0.5,1.3,1.9,0.5,0.5,0.1,0.2,0.5,2.1,,sochaje01
460,Joan Beringer,19,MIN,PF,39,2,7.3,1.4,2.2,.651,0.0,0.0,,1.4,2.2,.651,.651,0.5,0.7,.714,1.0,1.0,2.0,0.3,0.2,0.5,0.3,1.1,3.4,,berinjo01
461,Ron Harper Jr.,25,BOS,SF,28,2,10.0,1.3,3.2,.400,0.8,2.4,.338,0.5,0.8,.591,.528,0.0,0.1,.500,0.5,1.0,1.5,0.6,0.3,0.3,0.2,0.7,3.4,,harpero02
462,Drew Timme,25,LAL,PF,26,1,8.8,1.4,2.5,.569,0.4,0.9,.417,1.0,1.6,.659,.646,0.2,0.3,.556,0.4,0.9,1.3,0.8,0.2,0.0,0.5,0.7,3.4,,timmedr01
463,Keaton Wallace,26,ATL,PG,52,2,9.7,1.3,3.0,.418,0.7,1.8,.394,0.6,1.2,.453,.535,0.2,0.3,.643,0.1,0.9,1.0,1.7,0.5,0.1,0.5,0.9,3.4,,wallake01
464,Taj Gibson,40,MEM,C,9,0,8.7,1.2,2.4,.500,0.3,0.7,.500,0.9,1.8,.500,.568,0.6,0.7,.833,1.0,1.6,2.6,0.6,0.2,0.1,0.1,1.2,3.3,,gibsota01
465,Dwight Powell,34,DAL,C,62,11,14.2,1.0,1.6,.639,0.0,0.1,.200,1.0,1.5,.663,.644,1.3,1.8,.696,1.5,2.4,4.0,1.1,0.5,0.3,0.7,2.1,3.3,,poweldw01
466,Tyler Smith,21,DAL,PF,11,0,11.7,1.3,3.5,.368,0.5,2.4,.231,0.7,1.1,.667,.447,0.2,0.4,.500,1.0,1.4,2.4,0.5,0.4,0.0,0.3,0.7,3.3,,smithty02
467,Isaiah Stevens,25,SAC,PG,3,0,14.3,1.0,2.3,.429,0.0,0.3,.000,1.0,2.0,.500,.429,1.3,1.3,1.000,0.7,0.3,1.0,3.3,1.7,0.0,0.7,0.7,3.3,,steveis01
468,James Wiseman,24,IND,C,4,1,14.5,1.5,2.5,.600,0.0,0.0,,1.5,2.5,.600,.600,0.3,0.5,.500,1.3,0.8,2.0,0.8,0.0,0.3,1.3,2.5,3.3,,wisemja01
469,Jamison Battle,24,TOR,SF,60,2,8.5,1.2,2.4,.510,0.6,1.4,.417,0.6,1.0,.644,.633,0.2,0.2,.643,0.3,1.2,1.5,0.4,0.1,0.1,0.3,0.7,3.2,,battlja01
470,Dorian Finney-Smith,32,HOU,PF,36,1,16.6,1.1,3.4,.331,0.7,2.6,.274,0.4,0.8,.517,.435,0.2,0.2,.857,0.9,1.6,2.5,1.0,0.4,0.2,0.6,1.7,3.2,,finnedo01
471,Kelly Olynyk,34,SAS,C,42,0,8.6,1.1,2.3,.490,0.3,1.1,.255,0.8,1.2,.714,.552,0.6,0.9,.711,0.6,1.2,1.8,1.2,0.4,0.1,0.6,0.9,3.2,,olynyke01
472,Miles Kelly,23,DAL,PG,14,0,9.6,1.1,3.1,.364,0.7,2.4,.303,0.4,0.8,.545,.477,0.1,0.1,1.000,0.4,1.4,1.7,0.9,0.3,0.1,0.4,0.9,3.1,,kellymi02
473,Malevy Leons,26,GSW,SF,24,2,10.8,1.2,2.8,.426,0.2,0.7,.250,1.0,2.2,.481,.456,0.5,0.7,.765,1.2,0.9,2.1,0.9,0.6,0.4,0.5,1.2,3.1,,leonsma01
474,Mark Sears,23,MIL,PG,7,0,3.7,0.9,1.9,.462,0.6,1.1,.500,0.3,0.7,.400,.615,0.9,1.1,.750,0.1,0.1,0.3,0.3,0.0,0.0,0.6,0.6,3.1,,searsma01
475,AJ Johnson,21,2TM,SG,47,0,9.1,1.1,3.5,.311,0.3,1.1,.222,0.8,2.3,.355,.348,0.6,0.7,.839,0.3,0.9,1.1,1.0,0.2,0.1,0.5,0.5,3.0,,johnsaj01
475,AJ Johnson,21,WAS,SG,25,0,8.6,1.1,3.3,.325,0.3,1.0,.280,0.8,2.3,.345,.367,0.4,0.5,.750,0.3,0.9,1.2,0.9,0.3,0.0,0.7,0.6,2.8,,johnsaj01
475,AJ Johnson,21,DAL,SG,22,0,9.7,1.1,3.7,.296,0.2,1.3,.172,0.9,2.4,.365,.327,0.8,0.9,.895,0.3,0.8,1.0,1.1,0.2,0.1,0.3,0.5,3.2,,johnsaj01
476,Chris Livingston,22,CLE,SF,3,0,5.7,1.3,2.3,.571,0.0,1.0,.000,1.3,1.3,1.000,.571,0.3,0.3,1.000,0.0,1.0,1.0,0.3,0.3,0.0,0.0,1.3,3.0,,livinch01
477,Emanuel Miller,25,CHI,PF,5,0,6.6,1.2,2.6,.462,0.4,1.2,.333,0.8,1.4,.571,.538,0.2,0.4,.500,0.2,0.4,0.6,0.8,0.4,0.0,0.0,0.4,3.0,,milleem01
478,Monte Morris,30,IND,PG,6,0,10.8,1.2,3.3,.350,0.3,1.3,.250,0.8,2.0,.417,.400,0.3,0.7,.500,0.2,1.0,1.2,1.5,0.2,0.2,0.3,0.5,3.0,,morrimo01
479,Amir Coffey,28,2TM,SG,45,2,10.3,1.1,2.2,.485,0.3,1.0,.326,0.8,1.2,.607,.556,0.5,0.6,.786,0.4,0.8,1.2,0.5,0.2,0.1,0.2,0.7,2.9,,coffeam01
479,Amir Coffey,28,MIL,SG,30,2,8.8,0.9,1.8,.473,0.2,0.8,.280,0.6,1.0,.633,.536,0.4,0.5,.867,0.2,0.7,0.9,0.4,0.1,0.1,0.1,0.5,2.4,,coffeam01
479,Amir Coffey,28,PHO,SG,15,0,13.3,1.5,2.9,.500,0.5,1.2,.389,1.0,1.7,.577,.580,0.6,0.9,.692,0.8,1.1,1.9,0.9,0.4,0.1,0.3,1.1,4.0,,coffeam01
480,Tyus Jones,29,3TM,PG,66,11,14.5,1.1,3.2,.351,0.6,2.0,.293,0.5,1.2,.449,.443,0.1,0.1,.778,0.2,0.9,1.1,2.3,0.6,0.0,0.4,0.5,2.9,,jonesty01
480,Tyus Jones,29,ORL,PG,48,8,15.7,1.1,3.3,.342,0.6,2.1,.294,0.5,1.2,.429,.437,0.1,0.1,1.000,0.2,0.9,1.1,2.4,0.7,0.1,0.3,0.5,3.0,,jonesty01
480,Tyus Jones,29,DAL,PG,8,2,16.6,1.6,4.3,.382,0.5,2.4,.211,1.1,1.9,.600,.441,0.1,0.3,.500,0.1,1.0,1.1,3.8,0.4,0.0,0.6,0.6,3.9,,jonesty01
480,Tyus Jones,29,DEN,PG,10,1,7.1,0.7,1.9,.368,0.5,1.2,.417,0.2,0.7,.286,.500,0.0,0.1,.000,0.0,0.9,0.9,0.9,0.1,0.0,0.5,0.1,1.9,,jonesty01
481,Riley Minix,25,2TM,SF,8,0,4.1,1.1,1.8,.643,0.4,0.9,.429,0.8,0.9,.857,.750,0.3,0.3,1.000,0.3,0.4,0.6,0.5,0.1,0.0,0.3,0.4,2.9,,minixri01
481,Riley Minix,25,SAS,SF,3,0,2.7,1.3,2.0,.667,0.3,1.0,.333,1.0,1.0,1.000,.750,0.0,0.0,,0.3,0.3,0.7,0.3,0.3,0.0,0.0,0.3,3.0,,minixri01
481,Riley Minix,25,CLE,SF,5,0,5.0,1.0,1.6,.625,0.4,0.8,.500,0.6,0.8,.750,.750,0.4,0.4,1.000,0.2,0.4,0.6,0.6,0.0,0.0,0.4,0.4,2.8,,minixri01
482,Kobe Bufkin,22,LAL,SG,16,1,7.4,0.9,3.1,.300,0.3,1.6,.192,0.6,1.5,.417,.350,0.7,0.8,.917,0.1,0.8,0.8,0.6,0.1,0.2,0.3,0.6,2.9,,bufkiko01
483,David Jones García,24,SAS,SF,11,0,6.2,1.2,2.3,.520,0.3,0.5,.600,0.9,1.8,.500,.580,0.3,0.5,.500,0.4,0.8,1.2,1.6,0.5,0.1,0.5,0.5,2.9,,jonesda06
484,Chris Paul,40,LAC,PG,16,0,14.3,1.1,3.5,.321,0.6,1.9,.333,0.5,1.6,.308,.411,0.1,0.1,.500,0.4,1.4,1.8,3.3,0.7,0.0,1.0,1.4,2.9,,paulch01
485,Duop Reath,29,POR,C,32,0,8.1,1.0,2.3,.446,0.7,1.7,.418,0.3,0.6,.526,.601,0.2,0.2,.833,0.3,0.9,1.2,0.3,0.2,0.3,0.2,0.9,2.9,,reathdu01
486,Cam Christie,20,LAC,SG,55,0,8.7,1.0,2.5,.381,0.2,0.9,.245,0.7,1.6,.456,.424,0.7,0.9,.760,0.3,1.1,1.4,0.6,0.3,0.1,0.4,0.3,2.8,,chrisca02
487,Tristan Enaruna,24,CLE,SF,8,0,7.3,1.3,2.8,.455,0.1,0.9,.143,1.1,1.9,.600,.477,0.1,0.3,.500,0.6,0.8,1.4,0.5,0.3,0.0,0.3,0.1,2.8,,enarutr01
488,Yuki Kawamura,24,CHI,PG,17,0,11.4,0.7,2.4,.300,0.5,1.6,.286,0.2,0.7,.333,.400,0.9,1.1,.889,0.4,1.4,1.8,2.7,0.5,0.0,0.8,0.8,2.8,,kawamyu01
489,Kevon Looney,29,NOP,C,21,8,14.7,1.2,2.9,.417,0.1,0.6,.154,1.1,2.2,.489,.433,0.3,0.5,.700,2.3,3.3,5.6,1.6,0.4,0.5,0.4,1.6,2.8,,looneke01
490,Norchad Omier,24,LAC,PF,6,0,4.0,1.2,1.7,.700,0.0,0.2,.000,1.2,1.5,.778,.700,0.5,0.5,1.000,0.7,0.5,1.2,0.3,0.2,0.0,0.0,0.7,2.8,,omierno01
491,Christian Koloko,25,3TM,C,26,4,12.9,1.2,2.7,.435,0.0,0.3,.143,1.1,2.4,.468,.442,0.3,0.4,.727,1.1,1.7,2.8,0.7,0.5,0.8,0.5,1.7,2.7,,kolokch01
491,Christian Koloko,25,LAL,C,2,0,3.0,0.0,0.0,,0.0,0.0,,0.0,0.0,,,0.0,0.0,,0.0,0.5,0.5,0.0,0.0,0.0,0.0,0.5,0.0,,kolokch01
491,Christian Koloko,25,MEM,C,11,2,17.7,1.3,3.2,.400,0.0,0.1,.000,1.3,3.1,.412,.400,0.1,0.4,.250,1.7,2.3,4.0,0.9,0.9,1.2,0.6,1.8,2.6,,kolokch01
491,Christian Koloko,25,ATL,C,13,2,10.4,1.2,2.6,.471,0.1,0.5,.167,1.2,2.2,.536,.485,0.5,0.5,1.000,0.7,1.5,2.2,0.5,0.3,0.7,0.5,1.8,3.1,,kolokch01
492,Gary Harris,31,MIL,SG,48,2,13.8,1.0,2.2,.442,0.6,1.4,.412,0.4,0.8,.500,.577,0.2,0.2,.889,0.3,0.9,1.3,1.1,0.6,0.2,0.4,1.1,2.7,,harriga01
493,Bronny James,21,LAL,SG,41,1,8.7,1.0,2.6,.398,0.5,1.3,.358,0.6,1.3,.436,.486,0.1,0.2,.857,0.1,0.4,0.5,1.1,0.4,0.1,0.6,0.7,2.7,,jamesbr02
494,Khaman Maluach,19,PHO,C,45,1,8.5,1.1,2.0,.533,0.1,0.4,.188,1.0,1.6,.608,.550,0.5,0.7,.710,0.9,1.7,2.6,0.1,0.1,0.7,0.5,0.9,2.7,,maluakh01
495,Antonio Reeves,25,CHO,SG,10,0,6.8,1.0,2.0,.500,0.7,1.3,.538,0.3,0.7,.429,.675,0.0,0.0,,0.2,0.6,0.8,0.3,0.1,0.0,0.1,0.3,2.7,,reevean01
496,Julian Phillips,22,2TM,SF,47,2,8.5,1.0,2.3,.413,0.4,1.3,.317,0.6,1.0,.531,.500,0.3,0.4,.882,0.5,0.6,1.0,0.2,0.4,0.1,0.2,0.8,2.6,,phillju01
496,Julian Phillips,22,CHI,SF,35,2,9.5,1.1,2.5,.420,0.5,1.4,.327,0.6,1.1,.538,.511,0.3,0.3,.818,0.6,0.6,1.3,0.2,0.5,0.2,0.2,0.9,2.8,,phillju01
496,Julian Phillips,22,MIN,SF,12,0,5.6,0.7,1.8,.381,0.3,0.9,.273,0.4,0.8,.500,.452,0.5,0.5,1.000,0.0,0.3,0.3,0.2,0.3,0.1,0.3,0.4,2.1,,phillju01
497,Pat Connaughton,33,CHO,SG,42,0,7.1,0.9,2.0,.447,0.5,1.2,.404,0.4,0.8,.515,.571,0.3,0.5,.650,0.4,1.1,1.5,0.4,0.3,0.0,0.3,0.2,2.6,,connapa01
498,Jonathan Isaac,28,ORL,PF,52,0,10.0,0.9,2.1,.422,0.1,0.7,.184,0.8,1.4,.549,.454,0.7,1.1,.603,0.8,1.7,2.5,0.4,0.4,0.6,0.3,0.8,2.6,,isaacjo01
499,Jae'Sean Tate,30,HOU,SF,45,0,8.4,1.1,2.2,.500,0.2,0.7,.300,0.9,1.6,.586,.545,0.2,0.2,.700,0.7,0.8,1.5,0.5,0.2,0.1,0.3,1.0,2.6,,tateja01
500,Mo Bamba,27,2TM,C,4,0,11.0,1.3,2.8,.455,0.0,0.0,,1.3,2.8,.455,.455,0.0,0.0,,2.5,3.0,5.5,0.3,0.0,0.8,0.5,1.5,2.5,,bambamo01
500,Mo Bamba,27,TOR,C,2,0,3.0,0.0,1.0,.000,0.0,0.0,,0.0,1.0,.000,.000,0.0,0.0,,0.5,0.5,1.0,0.0,0.0,0.5,0.0,1.0,0.0,,bambamo01
500,Mo Bamba,27,UTA,C,2,0,19.0,2.5,4.5,.556,0.0,0.0,,2.5,4.5,.556,.556,0.0,0.0,,4.5,5.5,10.0,0.5,0.0,1.0,1.0,2.0,5.0,,bambamo01
501,Jayson Kent,23,POR,SF,4,0,5.3,1.0,1.5,.667,0.3,0.8,.333,0.8,0.8,1.000,.750,0.3,0.3,1.000,0.0,1.3,1.3,0.0,0.3,0.3,0.0,0.3,2.5,,kentja01
502,Chaz Lanier,24,DET,SG,33,0,7.8,0.8,2.7,.307,0.6,2.0,.284,0.2,0.6,.381,.415,0.2,0.2,.833,0.2,0.5,0.7,0.5,0.2,0.0,0.1,0.4,2.4,,laniech01
503,Lindy Waters III,28,SAS,SG,40,0,7.1,0.8,2.2,.375,0.7,2.0,.342,0.2,0.2,.667,.528,0.1,0.1,.667,0.1,0.7,0.7,0.5,0.2,0.0,0.2,0.6,2.4,,waterli01
504,Chris Boucher,33,BOS,PF,9,0,10.4,0.9,2.8,.320,0.2,1.7,.133,0.7,1.1,.600,.360,0.3,0.4,.750,0.2,1.8,2.0,0.3,0.6,0.8,0.1,1.9,2.3,,bouchch01
505,Koby Brea,23,PHO,SG,11,0,5.0,0.7,2.3,.320,0.6,1.9,.333,0.1,0.4,.250,.460,0.2,0.2,1.000,0.0,0.3,0.3,0.6,0.1,0.0,0.3,0.5,2.3,,breako01
506,Yang Hansen,20,POR,C,42,1,7.1,0.7,2.4,.310,0.1,1.0,.119,0.6,1.4,.448,.335,0.7,0.8,.824,0.5,1.1,1.5,0.5,0.1,0.2,0.8,1.0,2.3,,yangha01
507,Caleb Houstan,23,ATL,SF,18,0,4.2,0.8,1.4,.538,0.6,1.2,.524,0.2,0.3,.600,.750,0.2,0.2,1.000,0.3,0.3,0.6,0.2,0.1,0.1,0.2,0.6,2.3,,houstca01
508,Luke Travers,24,CLE,SG,12,0,8.6,0.8,3.0,.250,0.1,1.3,.063,0.7,1.7,.400,.264,0.8,0.8,1.000,0.8,1.3,2.0,0.8,0.6,0.3,0.3,0.5,2.3,,travelu01
509,Alex Antetokounmpo,24,MIL,SF,5,0,3.2,0.2,1.0,.200,0.0,0.8,.000,0.2,0.2,1.000,.200,1.8,2.6,.692,0.4,0.4,0.8,0.2,0.0,0.2,0.0,0.0,2.2,,antetal01
510,JD Davison,23,HOU,PG,27,0,7.1,0.8,2.0,.400,0.3,1.0,.286,0.5,1.0,.519,.473,0.3,0.5,.615,0.1,0.8,0.9,1.0,0.2,0.1,0.3,0.6,2.2,,davisjd01
511,Andre Jackson Jr.,24,MIL,SG,47,1,8.0,0.8,2.3,.330,0.3,1.2,.259,0.4,1.1,.412,.399,0.4,0.5,.708,0.5,0.9,1.4,0.9,0.4,0.1,0.7,0.9,2.2,,jacksan01
512,Alijah Martin,24,TOR,SG,23,0,6.3,0.7,2.2,.320,0.2,0.9,.190,0.5,1.3,.414,.360,0.7,0.8,.789,0.4,0.5,0.9,0.5,0.3,0.2,0.3,0.5,2.2,,martial01
513,Lachlan Olbrich,22,CHI,C,36,1,8.7,0.9,1.9,.457,0.1,0.5,.105,0.8,1.4,.588,.471,0.4,1.1,.342,1.1,1.6,2.7,0.9,0.3,0.2,0.4,1.3,2.2,,olbrila01
514,Hunter Tyson,25,DEN,PF,21,2,7.7,0.7,2.5,.269,0.3,1.6,.212,0.3,0.9,.368,.337,0.5,0.6,.846,0.2,1.5,1.7,0.8,0.1,0.0,0.2,0.6,2.2,,tysonhu01
515,Chris Youngblood,23,2TM,SG,34,0,5.4,0.6,1.9,.349,0.5,1.6,.333,0.1,0.3,.444,.492,0.3,0.3,.900,0.2,0.6,0.8,0.4,0.1,0.1,0.1,0.6,2.1,,youngch01
515,Chris Youngblood,23,OKC,SG,32,0,5.4,0.6,1.9,.333,0.5,1.6,.314,0.1,0.3,.444,.467,0.3,0.3,.900,0.2,0.7,0.9,0.3,0.1,0.1,0.1,0.6,2.0,,youngch01
515,Chris Youngblood,23,POR,SG,2,0,5.5,1.0,1.5,.667,1.0,1.5,.667,0.0,0.0,,1.000,0.0,0.0,,0.0,0.0,0.0,0.5,0.0,0.0,0.0,1.0,3.0,,youngch01
516,Jeff Green,39,HOU,PF,29,0,5.2,0.8,2.1,.383,0.4,1.4,.300,0.4,0.7,.550,.483,0.1,0.1,1.000,0.2,0.5,0.7,0.2,0.0,0.0,0.0,0.3,2.1,,greenje02
517,Ariel Hukporti,23,NYK,C,53,4,8.8,0.8,1.4,.569,0.0,0.1,.250,0.8,1.3,.588,.576,0.5,0.6,.788,1.0,1.8,2.8,0.5,0.2,0.5,0.5,1.2,2.1,,hukpoar01
518,Dalano Banton,26,2TM,PG,5,0,5.0,0.8,1.8,.444,0.0,0.0,,0.8,1.8,.444,.444,0.4,0.4,1.000,0.2,0.0,0.2,0.8,0.2,0.2,0.4,0.2,2.0,,bantoda01
518,Dalano Banton,26,LAC,PG,2,0,5.0,1.5,2.0,.750,0.0,0.0,,1.5,2.0,.750,.750,0.0,0.0,,0.5,0.0,0.5,1.0,0.5,0.0,0.5,0.0,3.0,,bantoda01
518,Dalano Banton,26,BOS,PG,3,0,5.0,0.3,1.7,.200,0.0,0.0,,0.3,1.7,.200,.200,0.7,0.7,1.000,0.0,0.0,0.0,0.7,0.0,0.3,0.3,0.3,1.3,,bantoda01
519,Trentyn Flowers,20,CHI,SF,2,0,3.0,1.0,1.5,.667,0.0,0.5,.000,1.0,1.0,1.000,.667,0.0,0.0,,0.5,0.0,0.5,0.5,0.0,0.0,0.5,0.5,2.0,,flowetr01
520,Keshon Gilbert,22,WAS,PG,3,0,16.0,0.3,1.3,.250,0.0,0.7,.000,0.3,0.7,.500,.250,1.3,1.3,1.000,0.7,1.0,1.7,1.0,0.7,1.3,2.0,1.0,2.0,,gilbeke01
521,Colby Jones,23,DET,SG,1,0,7.0,1.0,3.0,.333,0.0,2.0,.000,1.0,1.0,1.000,.333,0.0,0.0,,0.0,4.0,4.0,2.0,0.0,0.0,0.0,1.0,2.0,,jonesco02
522,Johnny Juzang,24,MIN,SG,21,0,4.2,0.8,1.8,.421,0.3,1.1,.250,0.5,0.7,.714,.500,0.2,0.4,.625,0.2,0.6,0.8,0.3,0.1,0.0,0.2,0.1,2.0,,juzanjo01
523,Maxi Kleber,34,LAL,PF,42,1,10.6,0.8,1.7,.451,0.1,0.6,.231,0.6,1.1,.578,.493,0.3,0.6,.538,0.8,1.1,1.9,0.6,0.4,0.2,0.4,1.4,2.0,,klebima01
524,Jordan McLaughlin,29,SAS,PG,43,0,6.5,0.7,1.8,.410,0.4,0.9,.425,0.3,0.9,.395,.519,0.1,0.2,.857,0.1,0.6,0.7,0.9,0.5,0.0,0.3,0.3,2.0,,mclaujo01
525,Alex Morales,28,ORL,PG,4,0,6.0,0.8,1.8,.429,0.0,0.3,.000,0.8,1.5,.500,.429,0.5,0.5,1.000,0.3,0.5,0.8,1.0,0.0,0.0,1.0,1.8,2.0,,moralal01
526,Sean Pedulla,23,LAC,PG,7,0,4.4,0.7,2.1,.333,0.4,1.4,.300,0.3,0.7,.400,.433,0.0,0.0,,0.0,0.4,0.4,0.7,0.0,0.0,0.1,0.6,1.9,,pedulse01
527,Curtis Jones,24,DEN,SG,9,0,6.2,0.8,2.4,.318,0.2,1.6,.143,0.6,0.9,.625,.364,0.0,0.0,,0.1,0.6,0.7,0.8,0.3,0.0,0.1,0.4,1.8,,jonescu01
528,Bobi Klintman,22,DET,SF,12,0,5.9,0.8,2.3,.333,0.3,1.1,.308,0.4,1.2,.357,.407,0.0,0.3,.000,0.4,1.2,1.6,0.5,0.3,0.0,0.5,0.9,1.8,,klintbo01
529,Isaiah Livers,27,PHO,PF,36,0,9.6,0.6,1.8,.344,0.3,1.1,.300,0.3,0.7,.417,.438,0.3,0.3,.750,0.5,1.2,1.7,0.6,0.4,0.2,0.3,0.8,1.8,,liveris01
530,Cody Martin,30,IND,SF,4,0,13.8,0.5,2.5,.200,0.0,1.3,.000,0.5,1.3,.400,.200,0.8,1.5,.500,0.3,3.3,3.5,0.5,1.0,0.5,1.0,1.3,1.8,,martico01
531,Kevin McCullar Jr.,24,NYK,SF,20,0,6.5,0.7,1.8,.389,0.3,0.9,.333,0.4,0.9,.444,.472,0.1,0.3,.400,0.5,0.8,1.3,1.0,0.4,0.0,0.6,0.9,1.8,,mcculke01
532,Orlando Robinson,25,ORL,C,4,1,6.3,0.8,1.3,.600,0.3,0.5,.500,0.5,0.8,.667,.700,0.0,0.0,,0.5,0.5,1.0,0.8,0.3,0.0,0.0,0.8,1.8,,robinor01
533,Wendell Moore Jr.,24,DET,SG,6,0,10.0,0.7,1.2,.571,0.0,0.2,.000,0.7,1.0,.667,.571,0.3,0.3,1.000,0.2,0.8,1.0,0.7,0.3,0.3,0.2,0.5,1.7,,moorewe01
534,Jahmir Young,25,MIA,PG,13,0,4.2,0.7,1.8,.375,0.2,0.6,.250,0.5,1.2,.438,.417,0.2,0.2,1.000,0.2,0.2,0.3,0.6,0.1,0.0,0.2,0.5,1.7,,youngja05
535,Brooks Barnhizer,23,OKC,SG,39,0,8.3,0.6,1.6,.397,0.2,0.5,.300,0.5,1.1,.442,.444,0.2,0.3,.700,0.5,1.5,1.9,0.5,0.2,0.1,0.3,0.7,1.6,,barnhbr01
536,Harrison Ingram,23,SAS,SF,7,0,3.7,0.7,0.9,.833,0.1,0.1,1.000,0.6,0.7,.800,.917,0.0,0.0,,0.4,0.0,0.4,0.1,0.0,0.0,0.1,0.3,1.6,,ingraha01
537,Adou Thiero,21,LAL,SF,24,0,5.7,0.5,1.1,.444,0.0,0.1,.333,0.5,1.0,.458,.463,0.6,0.9,.636,0.3,0.7,1.0,0.3,0.3,0.1,0.3,0.7,1.6,,thierad01
538,Jacob Toppin,25,ATL,SF,5,0,3.4,0.8,1.2,.667,0.0,0.0,,0.8,1.2,.667,.667,0.0,0.0,,0.0,0.2,0.2,0.2,0.0,0.2,0.0,0.2,1.6,,toppija01
539,Xavier Tillman Sr.,27,2TM,C,30,1,6.1,0.7,1.5,.435,0.1,0.6,.167,0.6,0.9,.607,.467,0.0,0.1,.250,0.6,0.8,1.4,0.4,0.3,0.2,0.3,0.5,1.5,,tillmxa01
539,Xavier Tillman Sr.,27,BOS,C,14,1,7.9,1.0,2.2,.452,0.2,1.1,.200,0.8,1.1,.688,.500,0.0,0.0,,0.7,1.1,1.8,0.4,0.4,0.1,0.4,0.6,2.2,,tillmxa01
539,Xavier Tillman Sr.,27,CHO,C,16,0,4.5,0.4,0.9,.400,0.0,0.2,.000,0.4,0.8,.500,.400,0.1,0.3,.250,0.6,0.6,1.1,0.5,0.2,0.2,0.2,0.4,0.8,,tillmxa01
540,Mason Plumlee,35,2TM,C,19,2,8.2,0.5,0.7,.769,0.0,0.0,,0.5,0.7,.769,.769,0.5,0.7,.643,0.8,1.8,2.6,1.0,0.5,0.0,0.6,0.8,1.5,,plumlma01
540,Mason Plumlee,35,CHO,C,14,2,8.9,0.6,0.9,.750,0.0,0.0,,0.6,0.9,.750,.750,0.6,0.9,.667,0.7,2.1,2.9,1.1,0.4,0.0,0.6,0.7,1.9,,plumlma01
540,Mason Plumlee,35,SAS,C,5,0,6.2,0.2,0.2,1.000,0.0,0.0,,0.2,0.2,1.000,1.000,0.2,0.4,.500,1.2,0.8,2.0,0.6,0.8,0.0,0.6,1.2,0.6,,plumlma01
541,Buddy Boeheim,26,OKC,SF,4,0,3.8,0.5,1.5,.333,0.5,1.5,.333,0.0,0.0,,.500,0.0,0.0,,0.0,0.0,0.0,0.0,0.0,0.0,0.0,0.3,1.5,,boehebu01
542,Hunter Dickinson,25,NOP,C,4,0,5.5,0.5,1.5,.333,0.0,0.5,.000,0.5,1.0,.500,.333,0.5,0.5,1.000,0.0,0.3,0.3,0.0,0.0,0.5,0.8,1.0,1.5,,dickihu01
543,Jonathan Mogbo,24,TOR,PF,39,0,6.3,0.6,1.1,.581,0.0,0.0,.000,0.6,1.1,.595,.581,0.2,0.4,.643,0.5,1.2,1.7,0.6,0.3,0.2,0.4,0.7,1.5,,mogbojo01
544,Rocco Zikarsky,19,MIN,C,4,0,4.0,0.8,1.3,.600,0.0,0.0,,0.8,1.3,.600,.600,0.0,0.0,,0.5,0.8,1.3,0.0,0.0,0.8,0.0,0.3,1.5,,zikarro01
545,Colin Castleton,25,ORL,C,4,0,5.3,0.5,1.3,.400,0.0,0.0,,0.5,1.3,.400,.400,0.3,0.3,1.000,0.5,1.5,2.0,0.3,0.3,0.0,0.5,0.5,1.3,,castlco01
546,Isaiah Crawford,24,HOU,SF,13,0,5.8,0.5,1.4,.333,0.2,0.8,.200,0.3,0.6,.500,.389,0.2,0.3,.750,0.2,0.6,0.8,0.3,0.2,0.2,0.2,0.2,1.3,,crawfis01
547,Pacôme Dadiet,20,NYK,SG,28,0,3.9,0.4,1.3,.297,0.2,1.0,.222,0.2,0.4,.500,.378,0.3,0.3,1.000,0.1,0.7,0.8,0.4,0.1,0.0,0.1,0.2,1.3,,dadiepa01
548,Nigel Hayes-Davis,31,PHO,SF,27,0,7.2,0.6,1.7,.326,0.1,0.6,.125,0.5,1.1,.433,.348,0.1,0.1,.500,0.4,0.8,1.2,0.3,0.3,0.1,0.3,0.6,1.3,,hayesni01
549,Kyle Lowry,39,PHI,PG,13,0,8.7,0.3,1.5,.200,0.3,1.5,.200,0.0,0.0,,.300,0.4,0.5,.833,0.0,0.7,0.7,0.8,0.2,0.2,0.3,0.6,1.3,,lowryky01
550,Olivier Sarr,26,CLE,C,3,0,5.0,0.3,0.3,1.000,0.3,0.3,1.000,0.0,0.0,,1.500,0.3,0.7,.500,0.0,1.7,1.7,1.0,0.0,0.7,0.0,1.3,1.3,,sarrol01
551,TyTy Washington Jr.,24,LAC,PG,16,0,5.5,0.6,1.2,.474,0.2,0.5,.375,0.4,0.7,.545,.553,0.0,0.0,,0.1,0.3,0.4,1.1,0.4,0.2,0.2,0.4,1.3,,washity02
552,Amari Williams,24,BOS,PF,21,2,6.5,0.4,0.9,.474,0.0,0.0,,0.4,0.9,.474,.474,0.5,0.7,.714,0.4,1.4,1.9,0.4,0.1,0.5,0.5,0.8,1.3,,william01
553,Isaac Jones,25,2TM,PF,6,1,4.3,0.5,1.0,.500,0.0,0.3,.000,0.5,0.7,.750,.500,0.2,0.3,.500,0.3,0.5,0.8,0.2,0.0,0.2,0.0,0.7,1.2,,jonesis01
553,Isaac Jones,25,SAC,PF,3,1,5.7,0.3,0.7,.500,0.0,0.3,.000,0.3,0.3,1.000,.500,0.3,0.7,.500,0.7,0.0,0.7,0.3,0.0,0.0,0.0,1.3,1.0,,jonesis01
553,Isaac Jones,25,DET,PF,3,0,3.0,0.7,1.3,.500,0.0,0.3,.000,0.7,1.0,.667,.500,0.0,0.0,,0.0,1.0,1.0,0.0,0.0,0.3,0.0,0.0,1.3,,jonesis01
554,Thanasis Antetokounmpo,33,MIL,SF,33,0,3.7,0.4,0.8,.462,0.0,0.1,.000,0.4,0.7,.545,.462,0.5,0.8,.577,0.3,0.5,0.8,0.3,0.4,0.2,0.3,0.4,1.2,,antetth01
555,Javonte Cooke,26,POR,SG,19,0,4.9,0.5,2.2,.220,0.2,1.2,.130,0.3,0.9,.333,.256,0.1,0.1,1.000,0.2,0.8,1.0,0.4,0.3,0.0,0.5,0.3,1.2,,cookeja01
556,Dillon Jones,24,NYK,SF,6,0,4.5,0.2,1.0,.167,0.2,0.7,.250,0.0,0.3,.000,.250,0.7,0.7,1.000,0.3,0.7,1.0,0.7,0.3,0.0,0.0,0.8,1.2,,jonesdi01
557,Joe Ingles,38,MIN,SF,26,1,4.6,0.4,0.7,.588,0.2,0.4,.400,0.2,0.3,.857,.706,0.1,0.1,1.000,0.0,0.5,0.5,0.9,0.3,0.0,0.4,0.2,1.0,,inglejo01
558,Zyon Pullin,24,MIN,SG,4,0,3.0,0.3,0.3,1.000,0.0,0.0,,0.3,0.3,1.000,1.000,0.5,0.5,1.000,0.0,0.0,0.0,1.0,0.3,0.0,0.8,0.5,1.0,,pullizy01
559,Hunter Sallis,22,PHI,SG,7,0,3.7,0.4,0.7,.600,0.0,0.0,,0.4,0.7,.600,.600,0.1,0.3,.500,0.0,0.1,0.1,0.6,0.0,0.1,0.7,0.3,1.0,,sallihu01
560,Dario Šarić,31,SAC,C,5,0,8.2,0.2,1.2,.167,0.2,0.6,.333,0.0,0.6,.000,.250,0.4,0.4,1.000,0.2,1.0,1.2,0.4,0.0,0.0,0.4,0.6,1.0,,saricda01
561,Stanley Umude,26,SAS,SG,2,0,3.5,0.5,1.0,.500,0.0,0.5,.000,0.5,0.5,1.000,.500,0.0,0.0,,0.0,0.0,0.0,0.5,0.5,0.0,0.0,1.0,1.0,,umudest01
562,Bismack Biyombo,33,SAS,C,24,1,5.7,0.3,0.6,.571,0.0,0.0,,0.3,0.6,.571,.571,0.2,0.3,.714,0.2,0.8,1.0,0.2,0.2,0.1,0.3,1.1,0.9,,biyombi01
563,Johni Broome,23,PHI,C,11,0,5.0,0.4,2.2,.167,0.0,0.5,.000,0.4,1.7,.211,.167,0.2,0.5,.333,0.6,0.8,1.5,0.4,0.3,0.2,0.3,0.6,0.9,,broomjo01
564,Trevor Keels,22,MIA,SG,7,0,1.7,0.3,1.3,.222,0.3,1.1,.250,0.0,0.1,.000,.333,0.0,0.0,,0.0,0.3,0.3,0.0,0.0,0.0,0.0,0.0,0.9,,keelstr01
565,N'Faly Dante,24,ATL,C,4,0,3.8,0.3,1.0,.250,0.0,0.0,,0.3,1.0,.250,.250,0.3,0.3,1.000,0.8,1.0,1.8,0.0,0.5,0.0,0.3,0.3,0.8,,nfalyda01
566,Markelle Fultz,27,TOR,PG,5,0,7.2,0.4,2.2,.182,0.0,0.0,,0.4,2.2,.182,.182,0.0,0.0,,0.0,0.2,0.2,1.6,0.4,0.0,0.8,0.4,0.8,,fultzma01
567,Trey Jemison,26,NYK,C,12,0,5.3,0.3,0.6,.571,0.0,0.0,,0.3,0.6,.571,.571,0.1,0.1,1.000,0.7,0.7,1.3,0.3,0.1,0.2,0.6,0.8,0.8,,jemistr01
568,Drew Peterson,26,CHO,PF,6,0,10.7,0.3,2.7,.125,0.0,2.0,.000,0.3,0.7,.500,.125,0.2,0.3,.500,0.5,1.0,1.5,0.3,0.5,0.2,0.0,0.5,0.8,,peterdr01
569,CJ Huntley,24,PHO,SF,3,0,3.7,0.3,1.0,.333,0.0,0.3,.000,0.3,0.7,.500,.333,0.0,0.0,,0.3,0.0,0.3,0.3,0.0,0.0,0.0,0.3,0.7,,huntlcj01
570,Garrett Temple,39,TOR,SG,21,0,3.3,0.1,0.7,.214,0.1,0.5,.182,0.0,0.1,.333,.286,0.3,0.4,.667,0.0,0.3,0.4,0.4,0.1,0.1,0.3,0.3,0.7,,templga01
571,Chris Mañon,24,LAL,SG,8,0,4.9,0.1,0.5,.250,0.0,0.3,.000,0.1,0.3,.500,.250,0.4,0.5,.750,0.1,0.9,1.0,0.3,0.6,0.3,0.1,0.6,0.6,,manonch01
572,Vladislav Goldin,24,MIA,C,8,0,2.6,0.3,0.4,.667,0.0,0.0,,0.3,0.4,.667,.667,0.0,0.0,,0.4,0.5,0.9,0.4,0.0,0.3,0.4,0.5,0.5,,goldivl01
573,Max Shulga,23,BOS,SG,10,0,1.8,0.1,0.4,.250,0.0,0.1,.000,0.1,0.3,.333,.250,0.2,0.2,1.000,0.2,0.1,0.3,0.2,0.0,0.0,0.2,0.6,0.4,,shulgma01
574,John Tonje,24,BOS,SG,5,0,2.4,0.0,0.4,.000,0.0,0.4,.000,0.0,0.0,,.000,0.4,0.4,1.000,0.0,0.4,0.4,0.2,0.2,0.0,0.0,0.2,0.4,,tonjejo01
575,Jahmyl Telfort,24,LAC,PF,8,0,4.0,0.0,0.5,.000,0.0,0.5,.000,0.0,0.0,,.000,0.1,0.5,.250,0.0,0.4,0.4,0.1,0.1,0.0,0.1,0.6,0.1,,telfoja01
576,Darius Brown II,26,CLE,SG,1,0,3.0,0.0,1.0,.000,0.0,0.0,,0.0,1.0,.000,.000,0.0,0.0,,0.0,1.0,1.0,0.0,0.0,0.0,0.0,0.0,0.0,,brownda04
577,Noa Essengue,19,CHI,PF,2,0,3.0,0.0,1.5,.000,0.0,1.0,.000,0.0,0.5,.000,.000,0.0,0.0,,0.0,0.0,0.0,0.0,0.5,0.0,0.0,0.5,0.0,,essenno01
578,Tosan Evbuomwan,24,NYK,SF,5,0,1.6,0.0,0.2,.000,0.0,0.0,,0.0,0.2,.000,.000,0.0,0.0,,0.2,0.2,0.4,0.0,0.0,0.0,0.0,0.2,0.0,,evbuoto01
579,Enrique Freeman,25,MIN,PF,3,0,3.7,0.0,0.0,,0.0,0.0,,0.0,0.0,,,0.0,0.0,,0.0,1.0,1.0,0.0,0.0,0.3,0.0,0.0,0.0,,freemen01
580,Chucky Hepburn,22,TOR,PG,2,0,6.5,0.0,3.0,.000,0.0,2.5,.000,0.0,0.5,.000,.000,0.0,0.0,,0.0,0.5,0.5,1.0,0.5,0.0,0.5,1.0,0.0,,hepbuch01
,League Average,,,,,,,,,.471,,,.360,,,.550,.546,,,.783,,,,,,,,,,,-9999